,Y,T,Confounder
0,4.43994442840938,0.4341766598513951,-1.1316466802972098
1,2.3564374826952665,0.4118816148456382,0.8237632296912764
2,-1.2612689638690286,-1.0039887739180096,-2.007977547836019
3,-0.08131916466037553,0.26554435155966155,0.5310887031193231
4,4.8245911004633095,1.3789961742027983,0.7579923484055965
5,0.8405629766962546,-0.442660788937466,-0.885321577874932
6,4.45913468030936,0.8255113640926233,-0.3489772718147535
7,-0.2304071157775359,0.19177192234730103,0.38354384469460207
8,-0.33088784621463324,-0.4445931052652712,-0.8891862105305424
9,-0.6053855986451906,-0.23106108959242694,-0.4621221791848539
10,4.963613405725743,0.7699046971648222,-0.4601906056703554
11,-0.010002777527480987,0.003552166935197621,0.007104333870395242
12,-1.4810883618800874,-0.8029360903377137,-1.6058721806754275
13,3.854334322710486,1.2207582707404343,0.4415165414808685
14,3.096367468380316,-0.23225503566515315,-2.4645100713303063
15,3.887728241804547,0.5833301337740056,-0.833339732451989
16,5.109599435762141,1.604835358819491,1.209670717638982
17,3.757559089193714,1.2308587818198804,0.4617175636397606
18,3.041879994204671,0.4003983837850398,-1.1992032324299204
19,0.465135553957494,0.13180685950211474,0.2636137190042295
20,-1.5551772963425843,-0.29238225493610137,-0.5847645098722027
21,4.935794438702175,1.3715825715871013,0.7431651431742026
22,0.056910922607486314,0.5839365429101194,1.1678730858202389
23,-0.6637684167444055,-0.05141383682068744,-0.10282767364137488
24,5.700406169702182,2.01491350024578,2.0298270004915593
25,4.665284360941506,1.0091168304358993,0.018233660871798566
26,4.178748949545972,0.5621160804606313,-0.8757678390787375
27,4.198217486517077,1.284097248165505,0.5681944963310099
28,1.6095523160081762,0.03307422817639401,0.06614845635278802
29,-0.7367994001191742,-0.43367711511805973,-0.8673542302361195
30,-0.1150824020641521,-0.900091611872268,-1.800183223744536
31,5.00739615854858,0.6600586532310231,-0.6798826935379538
32,-0.8429514018476871,-1.2590100220810798,-2.5180200441621596
33,1.7020764918014306,0.4541663694206636,-1.0916672611586729
34,-0.2732050170827458,-0.10393122176459416,-0.2078624435291883
35,-1.8357658648003066,-0.3401747181562291,-0.6803494363124581
36,4.659296640973787,0.8912768583375983,-0.2174462833248033
37,4.104997454939918,1.8487180654031548,1.6974361308063097
38,0.22179655091279188,0.4225856073176248,0.8451712146352496
39,-1.8182517854304385,0.7624744456439498,1.5249488912878997
40,0.7441186566527546,-0.9868453698780674,-1.9736907397561347
41,4.360025953836504,1.9617027305060617,1.9234054610121236
42,3.8438730295437065,0.3462509312340636,-1.3074981375318728
43,4.474356174825274,0.7910526070349424,-0.4178947859301152
44,4.247784446483645,0.9567718785942345,-0.08645624281153101
45,-0.49261601983730985,-0.2406925791891623,-0.4813851583783246
46,4.0873322759193425,1.2510912534235803,0.5021825068471607
47,0.623410106949342,-0.716546079005505,-1.43309215801101
48,5.678847818644448,1.5696814859307189,1.1393629718614378
49,-0.17455414990955764,-0.10766754147255665,-0.2153350829451133
50,5.1227950503927975,1.965452160709141,1.930904321418282
51,2.447735374223278,0.6192499352550983,-0.7615001294898034
52,-0.25021325069312905,0.7421941867280639,1.4843883734561278
53,4.5666365024415345,0.7571578382068629,-0.48568432358627417
54,3.9110733987253985,0.953867045772671,-0.09226590845465789
55,0.7990046428123794,-0.27226157710367005,-0.5445231542073401
56,-1.1687469996057949,0.015590264601443969,0.031180529202887938
57,4.80864260789159,0.5383375262088905,-0.923324947582219
58,2.13771084780985,0.9318928362413775,1.863785672482755
59,5.670345597624089,1.8345387016155184,1.6690774032310367
60,3.9083729486401144,1.2346795562701736,0.46935911254034707
61,3.6187257963251835,0.8396401828504368,-0.32071963429912625
62,-0.2705893292600849,-0.3556742682871628,-0.7113485365743256
63,-0.20245042853016948,-0.5920222122713715,-1.184044424542743
64,4.483010903117228,0.9309170407472642,-0.13816591850547144
65,-1.2957363160044126,-0.9543291098315382,-1.9086582196630764
66,2.5186607774708145,0.644394598765095,-0.7112108024698099
67,-0.463482357572612,0.1953000340048439,0.3906000680096878
68,-0.3803290123725053,0.31395470453717317,0.6279094090743463
69,4.261337358658791,2.124652497306206,2.249304994612412
70,-1.7429141532811,0.11262780550925133,0.22525561101850267
71,-0.5808458317355311,0.011322710572427262,0.022645421144854523
72,-0.6864709303486937,0.3583365348495561,0.7166730696991122
73,-0.9548407560614857,0.5018402420624019,1.0036804841248037
74,4.163312076157263,1.5614694880362618,1.122938976072524
75,-0.39436318732193576,0.22803815327594892,0.45607630655189785
76,4.623444257184344,1.1995914504299816,0.39918290085996333
77,1.6162899432115223,0.09598846985578965,0.1919769397115793
78,0.35150340575001116,-0.7258184833316109,-1.4516369666632218
79,3.807302316838576,0.41947751728294436,-1.1610449654341113
80,1.9918899333457487,0.5093508366944847,-0.9812983266110307
81,4.684429180115792,0.9673009171468085,-0.06539816570638293
82,4.667235864718203,1.3148541326496752,0.6297082652993505
83,3.6363650963302123,1.0073822020340222,0.014764404068044296
84,0.36127469315679944,0.521887271185157,1.043774542370314
85,3.6761169798854096,1.2963422659327122,0.5926845318654245
86,0.018713916740258574,-0.981044767208461,-1.962089534416922
87,4.000352811944362,1.850008216471361,1.7000164329427219
88,0.4492513389759217,-0.25475059341720235,-0.5095011868344047
89,3.4532645097012074,0.7247262040091258,-0.5505475919817483
90,1.133756940794654,0.8185759502046208,1.6371519004092416
91,-0.19144342368503187,-0.561125665145495,-1.12225133029099
92,6.490019186754587,2.209219638155189,2.418439276310379
93,4.829441018682061,1.4218738437259753,0.8437476874519506
94,-0.1500794715187937,-0.4782678601464153,-0.9565357202928306
95,2.8237703582864166,0.2579077914708189,-1.4841844170583622
96,0.6342102268822741,0.7958417610138702,1.5916835220277403
97,-1.3798366885276256,-0.33946087402850017,-0.6789217480570003
98,4.015505502320592,0.560820042989192,-0.8783599140216161
99,0.2542260269611232,0.9880246625062441,1.9760493250124882
100,3.4796285501766344,1.117102411806486,0.23420482361297212
101,2.720962912826783,0.37561540616549627,-1.2487691876690075
102,1.0759088181834042,1.405241367921744,0.8104827358434877
103,-0.8781043417004921,0.6816359689985494,1.3632719379970988
104,6.5537393893994285,2.3513414166981956,2.702682833396391
105,3.8180736131607445,1.0882305420064937,0.1764610840129872
106,3.27241417497459,0.5708157468674945,-0.858368506265011
107,4.517913474216036,1.2818288426200146,0.563657685240029
108,2.25121719149967,1.5024032057112902,1.0048064114225803
109,0.05532063121963782,0.18147671910050395,0.3629534382010079
110,5.5938214425757735,2.14086342083646,2.2817268416729197
111,3.278299897297119,1.0595947172049611,0.11918943440992211
112,0.05865910551819292,0.3373333229486312,0.6746666458972624
113,-1.7923073277614279,-0.3255137000647078,-0.6510274001294156
114,1.7894286637788503,0.25245527241788385,0.5049105448357677
115,3.6881510458395663,0.8213375388039474,-0.35732492239210517
116,4.925103914979363,1.991187808656934,1.982375617313868
117,5.6775529637010385,1.2766406489180748,0.5532812978361497
118,-0.9437260540366184,-1.467267668382733,-2.934535336765466
119,2.9504882353373425,-0.3574242770340825,-2.714848554068165
120,3.369909079915389,0.8857518678621551,-0.22849626427568975
121,-2.103546731337845,-1.2480476210687186,-2.496095242137437
122,1.5451688247823134,-0.46833664393161256,-2.936673287863225
123,0.7366553956058848,0.4172181235837584,0.8344362471675169
124,0.375829581610181,0.5910298872339455,1.182059774467891
125,-0.28639909423607224,-0.0622744692402069,-0.1245489384804138
126,4.1283456236641625,1.458467115695936,0.9169342313918718
127,1.1794320723818141,0.17543908472706618,0.35087816945413236
128,0.571834496316709,0.6740853822324556,1.3481707644649112
129,1.2875919771693511,0.4521025757985764,0.9042051515971528
130,-1.2933740668059308,-0.6831349330656884,-1.3662698661313768
131,5.861627821452309,1.346136867660231,0.6922737353204621
132,0.10547675666146125,0.2411691622387123,0.4823383244774246
133,-0.8702934918429304,0.08010204851580856,0.16020409703161712
134,-1.1854487303634667,0.014777876688538898,0.029555753377077797
135,5.076251626478628,1.3678279642662816,0.7356559285325635
136,-1.5044284128989536,-0.33665489304599516,-0.6733097860919903
137,5.4935632170338025,1.7620249395758383,1.5240498791516766
138,1.5503806071221529,0.35787216404571853,0.7157443280914371
139,0.4237149183566025,0.4410871550105713,0.8821743100211425
140,-4.1817237940382315,-1.0026794039214926,-2.005358807842985
141,0.9118065977301362,-0.5497752132542479,-1.0995504265084959
142,4.3081143754185796,0.5024669513054485,-0.9950660973891031
143,1.052109540521593,0.8965343705628827,1.7930687411257653
144,5.128941368197445,1.540451282940471,1.080902565880942
145,3.0189691737807673,1.4243458439190202,2.8486916878380404
146,0.43715342373414484,0.18431283187238567,0.36862566374477135
147,5.583201943353745,1.891675620474086,1.7833512409481722
148,3.032810573032322,0.13438615536339504,-1.73122768927321
149,0.23499415012042932,-0.10344499904457657,-0.20688999808915315
150,3.7947373981584827,0.484771773828897,-1.030456452342206
151,3.6626016164326223,1.3334817838874575,0.6669635677749151
152,1.5190206879253374,-0.4353873054200219,-0.8707746108400438
153,0.746474915175463,0.6996165430017853,1.3992330860035707
154,3.0819589274785164,0.4718489444597054,-1.0563021110805892
155,4.284200278231434,0.8417586210486876,-0.3164827579026248
156,0.5621343262606342,0.9096172621360358,1.8192345242720716
157,-1.3383722413256436,-0.4599001963887238,-0.9198003927774476
158,0.9398137248109053,0.3661676490851052,0.7323352981702104
159,2.914262383392539,0.4250489524443608,-1.1499020951112784
160,4.228114727831056,0.840588333981944,-0.31882333203611196
161,0.21935164752764474,0.4891482859128435,0.978296571825687
162,0.4747385561684677,1.011395959162652,2.022791918325304
163,4.619043163738095,1.498139956842262,0.9962799136845238
164,3.2992852230018057,0.7647414670927403,-0.47051706581451946
165,0.8195846169305415,1.1767232942555022,2.3534465885110043
166,3.7660241090162616,0.4513882545207617,-1.0972234909584766
167,3.3166720382734822,1.0945008699556988,0.18900173991139757
168,3.0572412294262263,0.9474756644287463,-0.10504867114250742
169,5.053607090471214,1.3363748906750819,0.6727497813501636
170,-0.9827216616801946,-1.4125289522346414,-2.8250579044692827
171,5.006023688734,0.27701709976788447,-1.445965800464231
172,1.9888133666829155,0.5789111099522749,-0.8421777800954502
173,2.5838232940329013,-0.158536616623552,-2.317073233247104
174,3.4002338790483524,1.5037025221061247,1.0074050442122495
175,4.176596067990163,0.6198878045989701,-0.7602243908020598
176,0.07356989721419044,-0.2367586535815429,-0.4735173071630858
177,5.164261146084786,1.0063325927427718,0.012665185485543733
178,2.1880055446302045,0.6987647034822723,-0.6024705930354555
179,-0.9304869109685552,-0.18978588297025295,-0.3795717659405059
180,1.2149757267494836,0.31350920901701607,-1.3729815819659679
181,-0.882887832059863,0.5985026934975044,1.1970053869950088
182,1.7023512158642617,0.9661850511074946,1.9323701022149893
183,0.08263037929688916,0.13010619068240775,0.2602123813648155
184,5.6268110787297765,1.4246952378482003,0.8493904756964006
185,4.368335077412433,1.249590931416161,0.4991818628323219
186,5.240410448473021,0.7336309437019144,-0.5327381125961712
187,1.061807680647812,0.14868171315883705,0.2973634263176741
188,-0.23334917288539608,-0.24704784692350878,-0.49409569384701757
189,1.0990102542966158,0.017287147266865453,0.034574294533730905
190,6.626045125838007,0.9586951325954072,-0.08260973480918567
191,4.799664728236079,0.9283608877878251,-0.14327822442434968
192,4.375765176588138,1.3132349729536537,0.6264699459073072
193,-1.2287581677666766,1.0145209618072983,2.0290419236145967
194,2.9408863996004255,0.11828139573116037,-1.7634372085376793
195,1.614482127881764,-0.024031273116693067,-0.048062546233386134
196,3.5554282253714242,0.9137571115018854,-0.1724857769962292
197,-1.7607478034590285,-0.11727474385383017,-0.23454948770766035
198,0.31035640859755703,-0.05956771705585603,-0.11913543411171205
199,3.6737016825392277,0.7666929975742751,-0.46661400485144977
200,-0.182554416128888,-0.5096787337735091,-1.0193574675470183
201,2.4570989892582062,0.6264998253511498,-0.7470003492977004
202,3.291711778383619,0.8331908822438321,-0.3336182355123359
203,3.197156239871952,0.5987962491804159,1.1975924983608317
204,1.9394813900132322,-0.10780876387971716,-0.21561752775943432
205,1.0171836688510196,-0.1430146003780884,-0.2860292007561768
206,3.1562643100713665,0.8400655191239982,-0.3198689617520036
207,0.9439791841843489,0.7799338887447474,1.559867777489495
208,0.06948058985817801,0.464361504136669,0.928723008273338
209,3.130202199987313,0.9897809519231568,-0.0204380961536863
210,2.2344875040217724,0.38467491580829255,0.7693498316165851
211,3.6071706340108083,1.4432145529208842,0.8864291058417683
212,-2.673297907061663,-0.48818228756661286,-0.9763645751332257
213,3.708561523537171,0.5036621992781589,-0.9926756014436823
214,0.9422698451860736,0.7629688951544543,1.5259377903089086
215,2.152699009536306,0.9372175533984454,1.8744351067968907
216,0.8318930271020772,-0.08520392719651601,-0.17040785439303202
217,-0.11971510380870201,-0.10136456088688983,-0.20272912177377966
218,4.983870597568223,1.0773199579377264,0.1546399158754528
219,5.08937242304337,2.1391467622542537,2.278293524508507
220,4.223487975127476,2.1039512671231284,2.2079025342462573
221,1.2119587334479167,0.4244079208764524,0.8488158417529048
222,0.33689144339586297,1.52004651166037,3.04009302332074
223,4.2275460125223,0.5896125010399108,-0.8207749979201784
224,1.3079239188671885,0.13268428570874632,0.26536857141749265
225,3.92808520848725,1.6825672943236072,1.3651345886472144
226,4.7897482503555056,1.1122274405608388,0.22445488112167775
227,-1.9826028572024883,-0.6498319527447984,-1.2996639054895969
228,2.413818554446411,-0.21742137249664473,-2.4348427449932895
229,1.9742939254495764,0.5038687406558114,1.0077374813116229
230,-0.7776745994786403,-0.3423672000730127,-0.6847344001460254
231,3.0334732101902526,0.1834766939651884,-1.6330466120696232
232,-0.5752309988609884,0.6310096539271554,1.2620193078543107
233,-0.3472812777965277,0.3586596499558718,0.7173192999117436
234,4.832540271210877,1.4206192695254785,0.8412385390509569
235,4.863380766521518,0.9284321231139856,-0.1431357537720287
236,4.06300221544675,1.0254529368200525,0.05090587364010476
237,0.14760111790187908,-0.09458183906521456,-0.1891636781304291
238,0.6175612679914781,0.773866019142608,1.547732038285216
239,4.5044338544547395,0.7349853081305557,-0.5300293837388886
240,-0.2873847859868909,0.7738834660825588,1.5477669321651175
241,2.2831368641232332,1.2677164855208987,0.5354329710417974
242,7.918502359764551,2.4971275658843464,2.9942551317686927
243,-0.6689553996993334,0.04637244450467624,0.09274488900935247
244,3.96407117250424,1.5895224251035087,1.1790448502070174
245,5.530388525729163,1.2496872318600203,0.4993744637200407
246,0.6854479508892363,0.9038697390464867,1.8077394780929734
247,3.6232313960698423,1.2327754811291127,0.46555096225822534
248,-1.5302286587967133,-0.7893441687908713,-1.5786883375817427
249,4.881246544315456,0.8610756103844308,-0.2778487792311385
250,6.697545736807162,2.1459327980342544,2.291865596068509
251,5.757388266534744,2.4216450568543704,2.8432901137087407
252,3.9977392538123877,1.396439756350198,0.7928795127003958
253,-0.3091086996427542,0.7228614254230393,1.4457228508460787
254,6.032991511056391,1.5665988170958793,1.1331976341917587
255,2.1864460101398193,0.8314118785146287,-0.33717624297074267
256,-1.1082330777178462,-0.8453413225736054,-1.6906826451472108
257,2.6071749308884926,0.1992901610158299,0.3985803220316598
258,3.6797037631139964,0.6916092790224388,-0.6167814419551224
259,-1.1775369973941059,0.684057797892622,1.368115595785244
260,3.518583821573618,1.268432451296388,0.536864902592776
261,3.1739451463202704,1.3889612598278667,0.7779225196557332
262,3.127318720851584,0.7952788833665263,-0.40944223326694745
263,1.3515422252512463,0.3350718730317564,0.6701437460635128
264,0.6021204258129818,0.21245845622313483,0.42491691244626967
265,6.580153210957605,1.2576781968347521,0.5153563936695043
266,3.718209939545953,0.23398410653472324,-1.5320317869305535
267,-1.9147740306866476,-0.757144093772609,-1.514288187545218
268,-0.16836921790098533,0.11435890099818044,0.22871780199636088
269,-1.793600700724797,-0.09422684229557614,-0.18845368459115228
270,-1.2433997342665903,-0.10285948330058028,-0.20571896660116057
271,-2.7548630065432205,-1.2839379268753828,-2.5678758537507655
272,3.3329293949175973,1.6024022897254702,1.2048045794509403
273,0.45827649109529667,0.17762512094028077,0.35525024188056153
274,-0.5108135492215593,-0.3256184066553564,-0.6512368133107128
275,-1.3925237715582792,-0.8257996539492521,-1.6515993078985043
276,4.434946970812975,1.7509308503397552,1.5018617006795103
277,-0.45455299017556033,-0.1300329960928317,-0.2600659921856634
278,2.1004703260762496,0.3344997957109953,-1.3310004085780094
279,0.35993821441672613,0.34516467714295607,0.6903293542859121
280,4.687638260655816,1.1114926240270029,0.22298524805400574
281,1.9003315151060423,1.2919125073656468,0.5838250147312937
282,-0.5213511405699723,0.6137061995250638,1.2274123990501276
283,3.6975347692660385,1.5940786822546582,1.1881573645093162
284,-1.4450552430211399,-0.30804628283188856,-0.6160925656637771
285,-1.1430099545773509,-0.38664167872418065,-0.7732833574483613
286,5.642399879556629,0.8258744064093153,-0.3482511871813695
287,-1.4581721121038433,0.2995828342130442,0.5991656684260884
288,1.7164916838748703,0.6819557697748537,1.3639115395497075
289,-0.17060278017235547,0.3534939712197452,0.7069879424394904
290,5.519964773583576,1.6671130971242674,1.3342261942485347
291,3.272672703979132,0.5977266549131663,-0.8045466901736674
292,0.2604041686080436,-0.525125606662327,-1.050251213324654
293,0.9535077684852482,0.02711450651981284,0.05422901303962568
294,0.42229042042766984,0.8650829598504691,1.7301659197009382
295,4.680710672942117,1.6251887822657949,1.2503775645315898
296,3.415893689476693,1.225867950207774,2.451735900415548
297,0.30692258406242434,-0.2986755977741339,-0.5973511955482678
298,-0.5140376568295507,-1.4738093367281417,-2.9476186734562835
299,4.964900105190874,0.8539790249327295,-0.29204195013454104
300,3.357310313883257,0.6943902488016329,-0.6112195023967343
301,-0.012021492391805041,0.04110919178840368,0.08221838357680736
302,-0.713121196927125,-0.48116867072741465,-0.9623373414548293
303,-1.2751516469572726,-0.8072335157887393,-1.6144670315774785
304,4.713014140598137,0.04758209571092609,-1.9048358085781478
305,-1.242449492219217,-1.6136055359951,-3.2272110719902
306,2.473911252423293,0.5814439227014924,1.1628878454029847
307,3.949255722053982,0.3236535732690723,-1.3526928534618554
308,3.8920092742410817,1.1747693467313824,0.34953869346276495
309,3.038195320441605,1.0529156804626438,0.10583136092528748
310,4.487868809939171,1.2440014960259382,0.4880029920518766
311,3.7222840903769736,1.5347903733421955,1.0695807466843907
312,7.297459603137416,2.7184941881386004,3.436988376277201
313,3.932051166119147,0.3413848537573151,-1.3172302924853698
314,3.3922333754665073,0.23511564371283245,-1.529768712574335
315,1.4292800397813374,0.13841567297652388,0.27683134595304776
316,-0.10557422796998334,-0.3723708682949595,-0.744741736589919
317,-0.7423937268285955,-0.011706254130031894,-0.02341250826006379
318,4.513635978243802,1.2650006337151207,0.5300012674302415
319,5.086245526216728,0.4977994968478865,-1.004401006304227
320,4.567786245937539,1.8057813587614517,1.6115627175229035
321,-0.8292457291316842,-0.9722777982571599,-1.9445555965143198
322,0.37426368673883237,-0.2560963019617297,-0.5121926039234594
323,4.297619287814449,1.1657006987087548,0.3314013974175096
324,-0.6846244971553888,-0.19018033312513957,-0.38036066625027914
325,4.08711992511034,0.45027704223881126,-1.0994459155223775
326,-0.6211912265263214,-0.31369106381300904,-0.6273821276260181
327,5.370250922893485,0.9564031654269192,-0.08719366914616168
328,3.691229517210237,1.0114955244220565,0.022991048844112783
329,0.03600279263393469,0.18508679372324432,0.37017358744648865
330,0.832686055342998,0.46489140793200195,0.9297828158640039
331,2.847261916155099,0.7376413752126888,-0.5247172495746224
332,-0.32298785091908033,0.22896227819106352,0.45792455638212703
333,1.018391932622542,0.4852894426705997,0.9705788853411994
334,-1.2891730229557106,0.11697349795034188,0.23394699590068377
335,-1.2118593467979897,-1.4992213196078614,-2.998442639215723
336,-0.4992864705276983,0.2935052939748975,0.587010587949795
337,0.7107981740866436,-1.2257284793669028,-2.4514569587338055
338,5.085688811264321,1.3392837855092812,0.6785675710185625
339,2.8462021263056947,0.18554704351282525,-1.6289059129743495
340,-0.7386746163561945,0.2921502822900489,0.5843005645800978
341,6.378462669866504,1.3294064199929827,0.6588128399859655
342,3.3532556040241075,0.31580449934261323,-1.3683910013147735
343,3.8515110675946476,0.5260746623304873,-0.9478506753390253
344,0.6199054719124233,0.4764764489750772,0.9529528979501544
345,6.263287552816795,1.7350695149118667,1.4701390298237333
346,4.30685612080886,-0.01902640071009376,-2.0380528014201875
347,-1.6134870115229905,-0.47192050182498285,-0.9438410036499657
348,5.156359560559085,2.079433286108164,2.1588665722163283
349,3.0045107082689766,1.1437873623329762,0.28757472466595235
350,3.6339007700093373,0.2507423761841464,-1.4985152476317072
351,3.7480703963066855,2.0551352062316726,2.1102704124633447
352,0.3361591099039004,-0.12942079701926754,-0.25884159403853507
353,3.9197524296294466,0.8910237222422394,-0.21795255551552128
354,1.7341373939876576,1.05287300686652,2.10574601373304
355,3.886904957816132,0.7549093870600847,-0.49018122587983054
356,-0.4554345265185718,0.06617464650937517,0.13234929301875034
357,3.0589550612934593,0.5926857531974878,-0.8146284936050244
358,0.6859254868974156,-0.23025401575274576,-0.4605080315054915
359,-1.112691428346923,-0.12978960377274376,-0.2595792075454875
360,0.8250766881388836,0.1318742464362237,0.2637484928724474
361,0.5234153121169542,-0.18626576081069107,-0.37253152162138214
362,3.793054873062821,0.32849087357928375,-1.3430182528414325
363,5.82995204059864,0.9393546742942767,-0.12129065141144657
364,4.043094261555643,0.687894776958487,-0.624210446083026
365,4.004752685585504,1.7668898023309558,1.5337796046619119
366,5.329186510631389,1.0017492630720948,0.0034985261441894213
367,3.081790070363171,0.441319445781039,-1.117361108437922
368,4.105123919113934,2.438592621594821,2.877185243189641
369,8.422881958716147,2.7953811039949708,3.590762207989942
370,0.9069325512257478,0.5569657252580857,1.1139314505161715
371,-0.3747723866869085,0.04645872190010053,0.09291744380020106
372,3.8907988945960432,1.0801621591398507,0.16032431827970148
373,3.2557714605894534,1.1486637366006731,0.29732747320134606
374,2.422278530725684,-0.04636389412325492,-2.09272778824651
375,0.9349220256779671,0.8415989780225633,1.6831979560451267
376,-0.7340424595546102,-0.2541642559745885,-0.508328511949177
377,0.060526039602232795,0.19945274910009403,0.39890549820018806
378,-1.4118787977460334,-0.8207780489179389,-1.6415560978358779
379,0.14387323215907855,0.9355519892926946,1.8711039785853891
380,1.2946484385500925,0.8189819675802481,1.6379639351604962
381,3.236126416965303,0.7081687170600164,-0.5836625658799672
382,0.19076889505295297,-0.49212201841553566,-0.9842440368310713
383,3.339727299752022,1.0743723691276788,0.1487447382553574
384,3.82869820575791,1.311407505092522,0.622815010185044
385,4.043590203766495,0.5283408420837317,-0.9433183158325368
386,5.276119815538594,0.5680009206000474,-0.8639981587999054
387,-1.0032197230580904,-0.27420167079787305,-0.5484033415957461
388,4.653951600993249,1.4857859242150044,0.9715718484300088
389,1.161185508200251,-0.3390519047266746,-0.6781038094533492
390,2.6521831760022843,0.4194222796501009,-1.1611554406997981
391,1.5821701891553543,0.6008681685286051,1.2017363370572103
392,5.763910389905179,1.0058205446377217,0.011641089275443701
393,0.42653448202374367,-0.4830940658099,-0.9661881316198
394,0.8030152641246466,0.3065514145055882,0.6131028290111764
395,5.005527667670451,1.214247727944579,0.4284954558891578
396,4.57443526520676,0.8498403706713091,-0.30031925865738185
397,-0.1037022148944477,0.1307584457140599,0.2615168914281198
398,-0.37027972185552666,-0.641838125287743,-1.283676250575486
399,-1.6113762589502196,0.028739656249820316,0.05747931249964063
400,0.39941783300665146,-0.6830383519391009,-1.3660767038782018
401,0.789193106163119,-1.1629395316675746,-2.325879063335149
402,5.010939421177542,-0.1067053732555081,-2.213410746511016
403,6.162558770904264,1.7123515383321242,1.4247030766642483
404,4.6620557599878705,0.9803128864689306,-0.039374227062138875
405,4.600163449572483,0.9574657081375069,-0.08506858372498632
406,3.8951531452532184,1.4825338881094072,0.9650677762188146
407,3.838707387715072,1.7723929790679964,1.544785958135993
408,3.0872225274864826,0.9331809441108375,-0.13363811177832496
409,0.36280285312431476,0.34193399124838464,0.6838679824967693
410,-0.752996785929251,0.12112455628664771,0.24224911257329543
411,6.045982411341756,1.5035693304288933,1.0071386608577866
412,-0.43713336646173695,-0.3291037037252842,-0.6582074074505684
413,3.676657557604377,1.9301733752399022,1.8603467504798046
414,-1.6210980904873986,-0.7390071390879024,-1.4780142781758048
415,1.9085386476448214,0.6853811088379016,1.3707622176758032
416,-1.1659259643009423,0.26563743271618023,0.5312748654323605
417,1.7898450008006328,0.2940322369494068,0.5880644738988136
418,-1.4395688123478267,-1.6837181184331136,-3.367436236866227
419,0.4174168730694424,-0.8251911691468433,-1.6503823382936866
420,5.709723086910998,0.5537140991586749,-0.8925718016826503
421,3.445538720883558,0.9336621746523497,-0.13267565069530066
422,1.9803054848007196,0.8516806816302014,-0.29663863673959734
423,5.039576149919124,1.0648329158508345,0.12966583170166882
424,3.8191430861704507,1.7033037146352514,1.406607429270503
425,1.9481129172353246,0.5640663205846447,1.1281326411692894
426,-0.7276745041511073,0.8249358860075459,1.6498717720150917
427,-0.6570015152785753,0.5441312070007103,1.0882624140014205
428,-1.3492458382243426,-0.6873521904213571,-1.3747043808427142
429,-1.284746853010006,0.2765987113023535,0.553197422604707
430,-2.3553850033079953,0.17591426340709326,0.3518285268141865
431,4.013467107122984,1.3309174490547544,0.6618348981095087
432,-0.0009062192168169947,0.34938199417417654,0.6987639883483531
433,3.555330536569986,0.46282498371331626,-1.0743500325733675
434,1.1003242083418876,0.43253821658366376,0.8650764331673275
435,0.8382988389865383,-0.04558433252325353,-0.09116866504650706
436,1.1810421585042044,0.018027903421710633,0.036055806843421266
437,-0.2607081989981675,0.27446693750292067,0.5489338750058413
438,0.11247903303609288,0.25054226234607385,0.5010845246921477
439,2.7107308610545715,0.38479174834669927,-1.2304165033066015
440,4.921064902182113,1.4109762071999938,0.8219524143999878
441,-1.9817375296132291,-0.7265871668016237,-1.4531743336032474
442,5.686968091138553,1.428412283886952,0.8568245677739039
443,1.2660062762686244,0.2650834994348314,0.5301669988696628
444,2.69942586771455,0.09402335855481447,-1.811953282890371
445,0.03834528067214587,0.03473669225533247,0.06947338451066494
446,3.6479662149845264,1.3299769558675947,0.6599539117351891
447,3.188634014389875,-0.02860721441747871,-2.0572144288349574
448,4.112317022309321,0.2775469588866264,-1.4449060822267472
449,3.3060815440566205,0.6230425086870719,-0.7539149826258562
450,0.2018001234304022,-0.2073932064253332,-0.4147864128506664
451,1.6726628318073762,1.3517722862537889,2.7035445725075777
452,-0.4729202803601716,-0.5015915560886927,-1.0031831121773853
453,3.507974504317769,1.224260432559071,0.44852086511814176
454,0.24273054717703635,1.1368007782394316,2.273601556478863
455,2.5424507928118456,0.7934256887885227,-0.41314862242295447
456,5.019437030755415,0.8703024697352614,-0.2593950605294773
457,1.8491031156693554,0.7856218150127193,1.5712436300254387
458,1.7930240232954915,0.7153452933183284,1.4306905866366568
459,4.641338051606539,1.2665491829314304,0.5330983658628606
460,4.945991079881083,1.0257019867166155,0.051403973433230915
461,5.475455836799057,1.402059062376964,0.8041181247539277
462,-1.2955447940807645,-1.0171723394252372,-2.0343446788504744
463,3.125971308452285,0.30433979514450793,-1.3913204097109841
464,-1.1857681120975692,-0.160183682011968,-0.320367364023936
465,3.7570989782537625,0.8903520296262089,-0.21929594074758235
466,-0.08428600953852532,0.1163258696328094,0.2326517392656188
467,4.403747257996228,1.5628639146716963,1.1257278293433923
468,0.01672198559595095,0.604791125488422,1.209582250976844
469,1.1310403336069985,0.5169568515497294,1.0339137030994587
470,1.099552632748102,0.18245011076874157,0.36490022153748314
471,1.9003230096735146,-0.04597095479203244,-0.09194190958406488
472,1.6315368779595327,-0.7561746758583621,-3.512349351716724
473,4.836024769735513,0.5324158439836679,-0.935168312032664
474,3.7525250511479484,1.8910126660928746,1.7820253321857493
475,0.569618327094593,0.6329786317261018,1.2659572634522036
476,0.09203601762090874,0.9959023455063866,1.9918046910127731
477,3.8316321702176332,0.6351383857564108,-0.7297232284871784
478,-1.704784898011058,-0.5214563852306277,-1.0429127704612553
479,-0.32024445783652794,-0.2896936119808437,-0.5793872239616874
480,2.44182314660559,0.7571055355940897,-0.4857889288118206
481,2.8110858204518463,1.07015610970037,0.14031221940074
482,-0.818330479746977,-0.7873059013234606,-1.5746118026469211
483,1.8886352022821933,1.3441310119796372,2.6882620239592745
484,3.3900596901577975,1.3412501154711247,0.6825002309422494
485,-0.45815560627404217,0.024003602945436273,0.04800720589087255
486,-0.3385391446440043,-0.425340154152916,-0.850680308305832
487,-0.831894533240405,0.17325179033066088,0.34650358066132175
488,0.8224013946698323,0.5043382886583173,1.0086765773166346
489,5.62987388588387,0.7449541339716984,-0.5100917320566032
490,-0.5286488165096669,-0.18651759891141514,-0.3730351978228303
491,5.0788961970208435,1.4860617716850193,0.9721235433700385
492,2.5614406929364106,1.3726341479010504,0.745268295802101
493,-0.7733773004018745,-0.47728447815555874,-0.9545689563111175
494,3.0744202987060074,0.7310980029195482,-0.5378039941609036
495,0.2899526462255607,-0.10325443362175228,-0.20650886724350456
496,2.2927774371526963,0.5271653408457038,-0.9456693183085924
497,1.9582936023756181,0.24023044530764426,-1.5195391093847115
498,3.8859003090339668,1.0639421951992725,0.1278843903985448
499,-2.9413128023845956,-0.5725251526405909,-1.1450503052811818
500,1.3954494361451526,-0.32347752191591406,-2.646955043831828
501,0.06686007816190087,-0.9780189227757143,-1.9560378455514287
502,-0.7738424792683443,-0.7064176252501012,-1.4128352505002024
503,-1.3298058951195324,-0.717145271552205,-1.43429054310441
504,4.854029900854567,1.3243559107034961,0.6487118214069924
505,3.3936485121289426,1.1652513146603678,0.33050262932073543
506,5.036162847389501,0.9770846162194178,-0.04583076756116447
507,1.772980367347871,-0.296355403601418,-2.592710807202836
508,1.513841645321024,0.5914748635741255,1.182949727148251
509,-1.0147754451284428,-0.8379088419521818,-1.6758176839043637
510,-1.3060587370249768,-0.6133756645116285,-1.226751329023257
511,0.5184072739114876,-0.06958138015760716,-0.13916276031521432
512,2.6011805521149713,0.33896245338216535,-1.3220750932356693
513,2.094363322883542,0.7988875948708809,-0.4022248102582381
514,0.07801119699523412,0.46240301898260905,0.9248060379652181
515,2.562842999666069,1.322746609406074,0.6454932188121482
516,-1.1985394809709529,0.07349014086409501,0.14698028172819003
517,1.0551834717993613,-0.008494310806288761,-0.016988621612577522
518,4.042529749415124,0.9954994414982222,-0.009001117003555523
519,5.787034520467197,1.1742116271603733,0.34842325432074667
520,3.9450856786261363,0.9100217292957258,-0.1799565414085484
521,4.228571284946132,0.8952989142102283,-0.20940217157954333
522,5.318777939443759,0.41692191118119926,-1.1661561776376015
523,4.791737127486966,1.0978941525299448,0.1957883050598895
524,1.6972093848011927,0.8649272624584164,-0.27014547508316705
525,-1.4746533103451225,-0.3018478272002836,-0.6036956544005672
526,1.511716915560081,-0.03154407635723748,-0.06308815271447496
527,2.865484761527952,0.3818796505930786,-1.2362406988138428
528,3.5972702790150715,1.2963649817426588,0.5927299634853178
529,1.892174755500302,0.4504143731573142,0.9008287463146284
530,5.579493294822523,1.1692963533152785,0.33859270663055674
531,4.460240047838487,0.20587511451328244,-1.5882497709734351
532,3.8569597444058816,0.5376399728040304,-0.9247200543919392
533,-1.1390254690050667,0.23994993962753242,0.47989987925506483
534,4.604442739417563,1.221718144959754,0.44343628991950795
535,-1.0890534031298251,-0.20247986187729064,-0.4049597237545813
536,3.8833460226451737,0.8122760199302498,-0.3754479601395005
537,0.6659622779483199,0.4353627791438938,0.8707255582877876
538,2.9637962940242977,1.266716480978331,2.533432961956662
539,2.4546160216385227,0.915720428260971,-0.16855914347805812
540,-0.8652865655207813,-0.594953038651243,-1.189906077302486
541,1.806862470555315,1.0922354377057752,2.1844708754115505
542,0.6746206238523822,-0.5602192579127336,-1.1204385158254673
543,5.14087899091129,0.5116348179069897,-0.9767303641860205
544,0.9335005460231369,0.21933337474523673,-1.5613332505095265
545,-0.6092733501384233,0.5188484358147998,1.0376968716295996
546,2.289268813024165,0.4262220289779668,-1.1475559420440664
547,1.9437978971348893,-0.17667388054670008,-2.3533477610934
548,-1.704163718494285,0.46065271906611005,0.9213054381322201
549,-1.1116085528916662,-0.5127769318691915,-1.025553863738383
550,-1.4652094028336653,-0.2808867729037838,-0.5617735458075676
551,3.4948621338661265,0.25858790151947864,-1.4828241969610427
552,-0.9380123661619539,-0.9712916948230144,-1.9425833896460287
553,0.662696943782416,0.21099188900380308,0.42198377800760617
554,5.785499931367207,0.46837192107176695,-1.063256157856466
555,0.038952395467964224,0.27829854349536726,0.5565970869907345
556,-0.0948368859315136,0.10119444734072969,0.20238889468145937
557,-0.7355465796816468,0.87152694973211,1.74305389946422
558,5.1729789923570095,0.17021691878473177,-1.6595661624305365
559,4.207191998843014,0.3218909484698459,-1.3562181030603082
560,-0.9943835863314794,-1.107479508942479,-2.214959017884958
561,1.3657520247901065,0.19911396481243493,-1.6017720703751301
562,-0.9965809477677127,-0.42300048908611754,-0.8460009781722351
563,0.5980339403458288,-0.4002515925319697,-0.8005031850639394
564,-2.2495825022934857,-0.06570513043595876,-0.1314102608719175
565,-0.07367640944049775,-0.36994234286714306,-0.7398846857342861
566,0.5772366835298208,-0.33481472373644083,-0.6696294474728817
567,2.928085200869142,0.7203249133291207,1.4406498266582415
568,5.382567121798762,1.457959146184132,0.9159182923682637
569,4.438589359287896,1.7056912052888609,1.411382410577722
570,4.722499610525282,0.9962053036057273,-0.007589392788545276
571,3.772926994143724,0.795497632529305,-0.4090047349413899
572,4.68435140072415,2.0303410476142543,2.0606820952285085
573,2.9637381277368062,0.49086966314137814,-1.0182606737172437
574,3.5330975245190506,0.7078289960580788,-0.5843420078838425
575,1.5204754656896098,0.2884378935646922,0.5768757871293844
576,4.341513428914534,0.8248511669719831,-0.3502976660560338
577,3.1417620919295945,0.531428708758622,-0.937142582482756
578,2.1340267818508627,0.5404531195658822,-0.9190937608682357
579,4.608864934506548,1.3199954671860377,0.6399909343720752
580,-1.10530280294575,0.35935730625632023,0.7187146125126405
581,4.4540564713587125,1.0430107006785483,0.08602140135709663
582,2.331595613706802,0.46513675184247616,-1.0697264963150477
583,2.138485884222069,0.19543159282908285,-1.6091368143418343
584,0.9446507640680549,0.1325797087626128,0.2651594175252256
585,4.2895546428224645,0.7981695232025996,-0.4036609535948008
586,5.052813042987227,1.7864819327777814,1.5729638655555627
587,-0.22272734059520646,-0.0073013007627434215,-0.014602601525486843
588,1.2099651691179898,0.3884478614424284,-1.2231042771151432
589,-1.3792140458841986,0.23845449626660759,0.47690899253321517
590,1.25136655999531,0.03763795826618909,0.07527591653237818
591,4.450433256995903,1.1164746800091838,0.2329493600183678
592,0.7941159262653181,0.10042583069913623,0.20085166139827246
593,-1.2267844577929514,0.008798710852862105,0.01759742170572421
594,-0.4844297108381161,0.2735127336223551,0.5470254672447102
595,-1.1120486962562586,-0.5467502260676552,-1.0935004521353104
596,-1.355688622297129,-0.11162016563932985,-0.2232403312786597
597,-1.4092260832318817,-0.02685489123174134,-0.05370978246348268
598,1.096439200833831,0.7782389907546209,1.5564779815092418
599,-2.4767024671644604,-0.702654111896498,-1.405308223792996
600,4.999017823979913,2.2553766638858095,2.510753327771619
601,3.7146377596846256,1.5388244425530555,1.0776488851061112
602,4.88833260230771,1.1335250446102434,0.26705008922048695
603,4.140334765771712,0.9274955006537186,-0.14500899869256295
604,0.4939803911409179,-0.43085050194265,-0.8617010038853
605,4.723233638831794,0.6245916772002464,-0.750816645599507
606,-1.8726133851220528,-1.53211485493136,-3.06422970986272
607,-1.7703706309485556,-0.3482349777635619,-0.6964699555271238
608,-0.6599752305735509,-0.4471114040239389,-0.8942228080478778
609,5.940561022024313,1.5254851399732468,1.0509702799464935
610,2.244789866472871,-0.0722823181405241,-2.144564636281048
611,2.195146917078884,1.856223639723456,3.712447279446912
612,-1.9660780590222944,0.31227833181627823,0.6245566636325565
613,4.100442321674166,0.3840540241626502,-1.2318919516746996
614,-0.6021787755512402,-0.995981270623348,-1.991962541246696
615,4.532405293924244,0.9742575398938044,-0.05148492021239122
616,-1.7296968295681712,-0.4723474347361768,-0.9446948694723536
617,0.4926956334399052,0.00966681705841792,0.01933363411683584
618,2.509446002286393,0.3005406034772822,-1.3989187930454356
619,2.9210943617165035,0.8179509357155037,-0.36409812856899254
620,0.41789278814387876,0.5364224162661438,1.0728448325322877
621,-0.637544088047269,-0.5494008223278156,-1.0988016446556312
622,4.907755761274875,1.6355020655614783,1.2710041311229565
623,-0.28758682943408553,0.5026077881847509,1.0052155763695019
624,-0.9844609434883851,0.03656952342160126,0.07313904684320252
625,1.2377014523135785,1.04314871953154,2.08629743906308
626,4.153588606791256,1.465192856028437,0.9303857120568744
627,-0.5897417655771306,-0.35386865470924034,-0.7077373094184807
628,0.8270922649488345,0.4181572495661835,0.836314499132367
629,-1.0296207861062125,-0.12413137002578857,-0.24826274005157714
630,-1.2500462574106688,0.09007672801319887,0.18015345602639773
631,1.313786548398883,0.22658886898355535,0.4531777379671107
632,0.5252014978494097,-0.16079167396968483,-0.32158334793936966
633,-0.48871331035096993,-0.9135553920698192,-1.8271107841396383
634,1.512562911057962,0.6995927605204625,1.399185521040925
635,1.4023582958094882,0.2757657690004187,0.5515315380008374
636,0.6797998339992359,0.3890715876387618,0.7781431752775236
637,1.9463551153488043,0.36033763173123645,-1.279324736537527
638,0.031304501789892636,0.07016012711062104,0.14032025422124209
639,5.541894353486484,1.1094246578862872,0.21884931577257435
640,5.262048485612541,0.9583390677598922,-0.08332186448021563
641,-1.1690028520121156,0.48399097456011403,0.9679819491202281
642,1.6791715144075063,1.2399235589650577,2.4798471179301154
643,-1.7780087096048312,-0.18047527305596156,-0.3609505461119231
644,-1.6276086244924477,-0.5727019171636769,-1.1454038343273538
645,-1.4890628636966858,-0.9495079729850326,-1.8990159459700653
646,2.7292334154798397,1.703156884868522,1.4063137697370436
647,-1.3646552296519854,-0.4623624982008049,-0.9247249964016098
648,0.9834229743318329,0.8134805383181325,1.626961076636265
649,5.378694760964495,1.815578049329913,1.631156098659826
650,3.8731559458553706,0.7965752955338146,-0.40684940893237076
651,0.5600499157058465,1.356107613802358,2.712215227604716
652,-0.7793443888876306,-1.0022181302166109,-2.0044362604332218
653,-0.28482148226349,-0.23625047600898647,-0.47250095201797293
654,5.959612915634053,0.7995193317565387,-0.4009613364869226
655,3.321851189016768,1.266782337055883,0.5335646741117661
656,0.6370627958624242,0.04752251844338858,0.09504503688677716
657,3.7995333452549076,1.2955596368346234,0.5911192736692468
658,3.525317577219479,1.2553750308111065,0.5107500616222128
659,0.1358419222680256,-0.5752938586989139,-1.1505877173978278
660,0.6399936976916459,0.030148020518777026,0.06029604103755405
661,-0.5430947183409226,-0.235941583869356,-0.471883167738712
662,3.32032972668749,0.9356676083955816,-0.12866478320883687
663,-0.7577951997311967,0.13410679190696967,0.26821358381393934
664,0.5006044353491426,0.9644238322694587,1.9288476645389174
665,6.776585380217629,1.570397342222303,1.140794684444606
666,1.076231699202984,0.02354821649774446,0.04709643299548892
667,2.8298388852970415,1.0004388393928996,0.0008776787857989311
668,4.077494458731328,1.4912271162828459,0.9824542325656916
669,3.6481966307934806,1.4549417957899546,0.9098835915799094
670,-1.3294719268216357,0.20661181419071448,0.41322362838142895
671,4.156277339571521,0.9688155632207057,-0.06236887355858856
672,5.2085042840043885,1.772960505899965,1.5459210117999298
673,1.963018586062696,-0.03711013047858902,-0.07422026095717804
674,0.6627021828823756,0.20883533894418588,0.41767067788837176
675,5.953158209399442,1.7513285176609028,1.5026570353218056
676,2.709805834658078,0.4877696293330269,-1.0244607413339462
677,2.526690286791685,1.0113633545759468,2.0227267091518937
678,3.4495845589446272,0.035901984643776474,-1.928196030712447
679,0.7138337811480566,0.4167776280295704,0.8335552560591408
680,3.904093765817308,1.2578839813028895,0.5157679626057788
681,6.041542056694192,1.6379962364176786,1.275992472835357
682,4.328017826952659,0.7066000472428374,-0.5867999055143251
683,-1.6790949409899372,-0.19103796354810917,-0.38207592709621835
684,-1.9223356401555818,-0.5394966340266337,-1.0789932680532675
685,4.543215359890401,0.5093014340006112,-0.9813971319987775
686,5.568632267581909,1.3891922836278496,0.7783845672556994
687,1.9377702246680326,0.977999129942446,-0.04400174011510801
688,0.9370055094178971,0.6160614750172403,1.2321229500344806
689,4.918108331561088,0.6630978020988831,-0.6738043958022336
690,-1.0045634383609094,-0.2394695380493461,-0.4789390760986922
691,3.249078015393203,0.20006082548515847,-1.599878349029683
692,1.4470543920628967,0.3195341293211612,-1.3609317413576776
693,4.805133708342913,0.06647618851609693,-1.8670476229678061
694,4.760358670378969,1.2483818680983165,0.4967637361966333
695,0.20917349192648946,0.18615863432186722,0.37231726864373443
696,-0.12734984466659843,-0.24391170523388842,-0.48782341046777683
697,5.870072278796021,1.5070592579964923,1.0141185159929846
698,0.2904047927740623,0.3985725751232125,0.797145150246425
699,4.592200394816221,1.737345206928872,1.474690413857744
700,3.1376504810269528,-0.1744019881791623,-2.3488039763583246
701,-1.1163386412966283,0.32102606444052045,0.6420521288810409
702,4.072465502675382,1.0462129897792543,0.09242597955850836
703,0.618626676898952,0.2621742652959427,0.5243485305918854
704,2.8506742938854384,0.3876037258314815,-1.224792548337037
705,0.4580005092839803,0.1085993347182487,0.2171986694364974
706,4.212571210706128,0.8919944407662743,-0.21601111846745139
707,1.723182259817175,0.22343994262279424,0.44687988524558847
708,4.213697349341545,1.9521123511819214,1.9042247023638426
709,-1.5628176331195653,-0.13290414513577492,-0.26580829027154984
710,-0.5547421442321481,-0.7856980992280502,-1.5713961984561005
711,7.257552642017833,1.976024920510065,1.9520498410201301
712,1.5536267086059758,0.02585446667124395,0.0517089333424879
713,3.1404905716058606,0.8873460523797875,-0.22530789524042513
714,3.9886377779977464,0.7175244553941287,-0.5649510892117425
715,0.34359695725659956,1.2553496499144343,2.5106992998288686
716,-0.14887490876154064,-1.2417173855463657,-2.4834347710927314
717,5.879435743099144,0.8976677609951247,-0.2046644780097506
718,-0.1647374992589496,0.027929940329478167,0.055859880658956335
719,-0.03681197048787527,-0.43825418576713265,-0.8765083715342653
720,4.6629342089812615,1.5265459105130623,1.0530918210261249
721,-1.0339543048382491,-0.6634428049578961,-1.3268856099157922
722,1.7231464449420009,0.8127724044636355,1.625544808927271
723,6.166314573738834,2.1042643106435905,2.2085286212871806
724,3.8854901537210145,1.1560378382036456,0.3120756764072914
725,-0.3992458524631908,-0.19182365991625827,-0.38364731983251654
726,-0.497317413891041,1.2262302778929801,2.4524605557859602
727,-0.007215322652413075,0.03084396264395348,0.06168792528790696
728,0.2873555281676002,0.10236197934334343,0.20472395868668686
729,4.193445947344887,1.16244213938267,0.32488427876534015
730,0.3804697252959962,-0.24919905731955547,-0.49839811463911093
731,-0.3623349731791148,-0.13007434594657874,-0.2601486918931575
732,3.241789258722526,0.9330500958065777,-0.13389980838684462
733,-0.9348453494140758,-1.0099163855541213,-2.0198327711082427
734,0.432205417625499,0.650791747188284,1.301583494376568
735,0.6659801890655297,-0.934410975191823,-1.868821950383646
736,4.330981022816698,1.3148575965039353,0.6297151930078705
737,2.1829050277157855,-0.20152732940808393,-2.403054658816168
738,5.443576732489769,0.8175068522991618,-0.36498629540167643
739,3.4961811701424415,0.7501758986070766,-0.499648202785847
740,-0.4922229925462728,0.6307248434876335,1.261449686975267
741,1.7641285291307136,0.2274805390941915,0.454961078188383
742,4.3179797927957875,0.6683601830399954,-0.663279633920009
743,2.4114251551669073,1.584218890291456,1.1684377805829123
744,-2.2441540411963268,-0.7907340773535034,-1.5814681547070069
745,0.7042032224789772,0.9371427916102584,1.8742855832205167
746,1.5340255615242935,0.7678600533778394,1.5357201067556787
747,-0.3797311567011011,-0.15918533869212165,-0.3183706773842433
748,-0.3036257516934281,-0.2989503357271522,-0.5979006714543044
749,-0.45446356639162155,-1.1311891315027502,-2.2623782630055005
750,4.156008024157014,1.7127175254323261,1.425435050864652
751,-0.8696178193328137,0.11087450164937802,0.22174900329875605
752,3.1278714225585875,0.5615292555475266,-0.8769414889049467
753,0.5226495631101079,0.0019003237289528722,0.0038006474579057445
754,4.879740359767057,0.8684072799497929,-0.26318544010041406
755,3.1568902292324204,1.6993104341769478,1.3986208683538957
756,2.946418560440967,1.1958609379709308,0.39172187594186186
757,4.100329514220107,0.6562341420050135,-0.687531715989973
758,5.861696391377738,1.6300652986117004,1.2601305972234005
759,2.4126329522735532,1.8875286819833121,1.775057363966624
760,0.34660482852674407,-0.4923453911627557,-0.9846907823255114
761,3.866912559007011,1.7070811953384775,1.414162390676955
762,-0.9799129087888421,-0.442282395727521,-0.884564791455042
763,4.327201803575216,-0.019187408178354515,-2.038374816356709
764,-1.364181052137921,0.29665674146361276,0.5933134829272255
765,4.142396004084763,1.265566524681664,0.531133049363328
766,3.098095093615786,0.559402173197856,-0.8811956536042879
767,3.917042030697642,0.35408799397953994,-1.2918240120409201
768,-0.23417709337784873,0.01766454202060171,0.03532908404120342
769,0.3387982665840171,0.4451688595496684,0.8903377190993368
770,1.0352213269266386,1.002658446940518,0.005316893881035979
771,0.45136517195931575,0.3932938733181801,0.7865877466363602
772,4.457081845127169,1.2484560005133134,0.49691200102662686
773,4.273063571955018,1.4992181471444692,0.9984362942889383
774,-0.15140419747854927,-0.6996760581742794,-1.3993521163485587
775,4.033767397023326,0.1654506034686266,-1.6690987930627468
776,3.447644771777039,1.0511239797965852,0.10224795959317036
777,-0.14793731527026566,0.5234122617625555,1.046824523525111
778,0.3266779173395998,-0.4848179920067928,-0.9696359840135856
779,3.6035801837903163,0.3693625412301189,-1.2612749175397622
780,0.7857443721948637,-0.37545265734296385,-0.7509053146859277
781,5.285514203822191,1.4281082853436253,0.8562165706872508
782,-2.024173599093127,-0.3228059936838577,-0.6456119873677154
783,1.279328787918352,0.6452149933483767,1.2904299866967535
784,0.5517361849942628,1.3960952933279513,2.7921905866559027
785,3.1459750566613955,0.27459526720585925,-1.4508094655882815
786,6.054859584497683,2.13435973308742,2.2687194661748404
787,-1.9751330426726557,-0.9885922949154748,-1.9771845898309497
788,4.038066998138629,0.941886504471352,-0.11622699105729595
789,1.948229456528033,0.2009912176932075,-1.598017564613585
790,2.4789338314273204,0.6281386867583629,-0.7437226264832743
791,1.9283341340211326,-0.10560553883009471,-2.2112110776601894
792,3.9564730436772635,1.4963538535118273,0.9927077070236545
793,-1.1384441699576344,-0.3915594139545289,-0.7831188279090578
794,-1.138061831831528,-0.5581033825932143,-1.1162067651864287
795,-0.2742353316128755,-0.9405246054191755,-1.881049210838351
796,7.424382024393633,2.7867292933305103,3.5734585866610207
797,3.010423085273903,0.817478766112712,-0.365042467774576
798,3.746711326183696,1.1312241583264222,0.26244831665284424
799,5.746866125742618,1.3422252205509109,0.6844504411018217
800,1.5111714104087741,0.8918787317072235,1.783757463414447
801,-1.8231260108501792,-1.1560062808654399,-2.3120125617308798
802,2.2513214972501405,0.2834366913884263,-1.4331266172231474
803,0.07242099010334656,0.18580162807023448,0.37160325614046896
804,3.9919473329229245,1.4697036625874316,0.9394073251748633
805,-0.23323740335756538,0.33040913461377586,0.6608182692275517
806,0.6989751802640973,0.5244685117509381,1.0489370235018762
807,0.21373145136401106,0.6951009333470545,1.390201866694109
808,2.7627470838041,0.24722442765486993,0.49444885530973987
809,-0.6598950493006406,-0.6449483073616586,-1.2898966147233173
810,1.2155656704017306,1.3617460080694117,2.7234920161388234
811,4.884264840775519,1.5744230276499416,1.1488460552998832
812,2.7501764894461322,0.24667157608143853,-1.506656847837123
813,3.735626359168149,1.4897597989184062,0.9795195978368123
814,0.12166666654186953,0.9784835114191311,1.9569670228382623
815,-1.7223080968774083,-1.6568966902629216,-3.3137933805258433
816,0.5461235414193072,-0.025878347499105826,-0.05175669499821165
817,3.235071638278864,0.5456553719478239,-0.9086892561043522
818,0.7268557143368349,0.7730906334954224,1.5461812669908448
819,2.8532183095977115,1.1970643873000955,2.394128774600191
820,3.555357350135912,1.1684853728611477,0.3369707457222955
821,3.670867948640295,0.5417202101940737,-0.9165595796118527
822,6.3397228670719805,1.415923906701222,0.8318478134024436
823,-0.1349751901194065,0.38462745091336725,0.7692549018267345
824,-1.6836692754288185,-0.810556798158333,-1.621113596316666
825,-1.463863884267648,-0.8406697532556872,-1.6813395065113743
826,0.4280106579463426,0.14288760157965402,0.28577520315930804
827,2.6327965640399245,0.22417292030626723,-1.5516541593874655
828,1.8545050553043598,-0.6806956547760565,-3.361391309552113
829,3.2163484029523435,1.0302708227402246,0.060541645480449116
830,1.5312951135113397,0.4446859612256369,0.8893719224512738
831,3.871777685297554,0.4488604136657067,-1.1022791726685865
832,3.160029307157877,1.0964603106038349,0.19292062120766987
833,2.724976520018181,0.5214835980680173,-0.9570328038639654
834,4.097694058638561,1.4475508576352896,0.8951017152705791
835,5.648873610233117,1.461643490328146,0.9232869806562917
836,3.1452987172942635,1.1473142769706728,0.2946285539413455
837,0.7935050989516225,1.0932746252720942,2.1865492505441884
838,-0.8532137665709963,-0.323329791745546,-0.646659583491092
839,-0.5418056878130566,0.30976275421720223,0.6195255084344045
840,0.46543617309666796,-0.00463213134833605,-0.0092642626966721
841,0.34378064053568874,0.7260016151257415,1.452003230251483
842,-0.492411443180673,-0.037186217789210406,-0.07437243557842081
843,-0.9260915501069589,-0.5452597002802756,-1.0905194005605512
844,3.107253014450368,0.07597013823015597,-1.848059723539688
845,-0.3076073833384538,0.4174131876659167,0.8348263753318333
846,3.8418848906328757,0.9469363120230595,-0.1061273759538809
847,4.921003099100715,1.631756676297377,1.263513352594754
848,4.73482137458014,1.3495940924471364,0.6991881848942725
849,3.6855165649926183,0.19533717173732124,-1.6093256565253575
850,-1.225909355638307,-0.5386880464691126,-1.0773760929382252
851,0.14748909981525915,-0.2503174703080802,-0.5006349406161604
852,1.1222037478656204,0.9732830617579203,1.9465661235158407
853,3.4150640939626578,1.487920554911983,0.9758411098239659
854,-0.8680288172175447,0.23000291579023716,0.4600058315804743
855,4.440818831358805,1.9135688215881466,1.827137643176293
856,1.5363496660180747,0.43967975303238044,0.8793595060647609
857,1.8951755023265364,1.0602053014037311,2.1204106028074623
858,3.9647587866311107,1.395749653344493,0.7914993066889863
859,3.844682132369531,1.743089922091884,1.4861798441837684
860,3.9850882389250475,-0.04930944286085137,-2.0986188857217027
861,6.277854886539588,2.4276011991370465,2.855202398274093
862,4.082775184083015,1.1671605561991603,0.3343211123983206
863,1.2397817308814219,-0.13715750529534246,-0.2743150105906849
864,4.415871860429207,0.7876388131854304,-0.42472237362913934
865,4.0366510365812385,0.8819417444190522,-0.23611651116189572
866,-2.268920205895193,-1.0699148197447779,-2.1398296394895557
867,4.604217652394556,1.1340216662169431,0.26804333243388645
868,2.089768288942465,-0.11644961428904714,-0.23289922857809428
869,3.5051742099801375,0.9349507875916114,-0.1300984248167771
870,-0.07539008765190514,0.8501736781813487,1.7003473563626974
871,-0.21672758528466352,-1.100670007982995,-2.20134001596599
872,4.699149336836484,0.5568227503054566,-0.886354499389087
873,-0.6796492127764906,-0.02188818823335875,-0.0437763764667175
874,-0.7634251160181228,-0.3589820139737357,-0.7179640279474714
875,3.5434199624142635,0.35295239037412474,-1.2940952192517505
876,1.6270532962742286,0.17123567391060185,0.3424713478212037
877,0.2444247838995245,0.6279299898957201,1.2558599797914403
878,2.574283672868275,0.3896066050022393,-1.2207867899955214
879,4.135851895353429,0.9967753572342551,-0.006449285531489687
880,-0.4511805386471422,-0.35787001620551695,-0.7157400324110339
881,0.3947185104600606,-0.35838159919564777,-0.7167631983912955
882,2.5997313455107336,0.5667753396393139,-0.8664493207213722
883,5.3168732010130535,1.813086895815858,1.6261737916317158
884,1.8504275974746203,0.06473207120328761,0.12946414240657522
885,2.3634931772820664,0.40445005463660755,-1.191099890726785
886,-0.8986149756601499,-0.24947360468113974,-0.4989472093622795
887,3.906728794035645,1.293880033686795,0.5877600673735902
888,0.5564202622173908,0.08857778111318511,0.17715556222637022
889,6.1426293332963855,1.788723830045655,1.57744766009131
890,3.057250833189233,1.043512548469656,0.08702509693931176
891,1.0090251569069453,0.16374060466079127,0.32748120932158253
892,3.1882760340290073,0.5701627031029219,-0.8596745937941561
893,-0.1761582807503302,-0.18958559538179431,-0.37917119076358863
894,1.16522817373968,1.052633495588481,2.105266991176962
895,0.7543793412572497,0.14747774782300388,0.29495549564600776
896,0.7325138143315201,-0.705868586768489,-1.411737173536978
897,5.8391940755412675,1.5525986229709416,1.1051972459418835
898,2.128142713622468,-0.15517542183396693,-2.310350843667934
899,2.0988064863115863,1.5520085685106464,1.104017137021293
900,6.0082582985075685,1.1638300888381798,0.32766017767635974
901,-0.7921881586297206,-1.1325554921523322,-2.2651109843046644
902,5.794436615740384,0.933546195949992,-0.1329076081000159
903,-1.1618199223117731,-0.8736702345504697,-1.7473404691009393
904,4.473666104946884,0.5822499684558027,-0.8355000630883945
905,2.278523328845244,0.1498937344825555,-1.700212531034889
906,-1.5871645090095174,-1.7661387426019983,-3.5322774852039966
907,2.453369579315732,1.9311988326313627,1.8623976652627257
908,3.8328516410940545,0.7284093997101185,-0.5431812005797629
909,-1.6509452458898006,-1.2036855372902815,-2.407371074580563
910,3.587192151693441,0.4630361584663981,-1.0739276830672038
911,0.15436528768709606,-0.18588151355777838,-0.37176302711555675
912,4.015747907548361,1.0560825755415584,0.11216515108311675
913,3.1288976876476173,0.6959203104525482,-0.6081593790949035
914,3.2540830523462687,0.7389290882660817,-0.5221418234678366
915,0.7559865317966473,-0.050749120939130386,-0.10149824187826077
916,2.7519475447291724,0.1404424875331246,-1.7191150249337508
917,0.43522338221534,0.7468158078234334,1.4936316156468668
918,1.8857378995948832,-0.26062315536210034,-0.5212463107242007
919,4.258261843343343,1.3617982242685835,0.7235964485371672
920,1.1611496032499709,-0.3783110477465632,-0.7566220954931264
921,3.8495359887819927,0.6033637054915091,-0.7932725890169817
922,0.23099539659498947,0.4149226007928625,0.829845201585725
923,4.300245082923366,1.1975812016561793,0.3951624033123586
924,4.305183122201059,0.5260807613126903,-0.9478384773746193
925,0.3574893903467782,-0.5360427398290888,-1.0720854796581776
926,-0.21711757067492093,0.39712117144878084,0.7942423428975617
927,1.161152812064158,0.38181110855299855,0.7636222171059971
928,4.717537270087949,0.6781608280118594,-0.6436783439762813
929,-0.904494979482976,0.35526403035326765,0.7105280607065353
930,3.5085811201134884,0.462865465812594,-1.074269068374812
931,4.323439707033065,0.13136619987326936,-1.7372676002534613
932,-0.6933270786849584,0.02267622220370189,0.04535244440740378
933,5.141196785192787,1.7221440614611068,1.4442881229222135
934,0.6735792726757541,-0.11986849901853885,-0.2397369980370777
935,4.906209652933911,0.8478169765611467,-0.3043660468777065
936,0.651444730493419,-0.010257933730678301,-0.020515867461356602
937,-0.3447037564963894,-0.4459583188080383,-0.8919166376160766
938,1.9825814510930828,0.9315867408068501,1.8631734816137002
939,-1.0916654486764767,0.587865800337204,1.175731600674408
940,2.193725032385409,1.2537180658691465,2.507436131738293
941,1.4647295142138979,0.10942302898979361,0.21884605797958723
942,4.28998216686921,0.828004356759457,-0.34399128648108596
943,-1.1587067752915567,-0.7632333910637736,-1.5264667821275473
944,3.2920068327484415,1.3213389171282217,0.6426778342564436
945,2.237950226229193,0.8702991625163607,1.7405983250327215
946,0.890788707190509,0.3325257690126019,0.6650515380252038
947,-0.45861615837671266,-0.8874843973570677,-1.7749687947141355
948,1.1139107327924556,0.6170771340324481,1.2341542680648963
949,4.072447154915475,0.4120669421977696,-1.1758661156044607
950,5.0023410123731695,1.9842568844472241,1.9685137688944485
951,3.5704883056553283,0.9799231996722365,-0.04015360065552706
952,4.6756459852090195,0.9855367596302388,-0.02892648073952246
953,1.516538449158205,0.5781408090437181,1.1562816180874362
954,4.835194593304197,1.1540656816720214,0.3081313633440427
955,-0.9533850358368818,-0.33119022160697825,-0.6623804432139565
956,-3.195493310202195,-0.4596673093865156,-0.9193346187730312
957,4.358881230275068,1.346108898205498,0.6922177964109963
958,4.807867492420824,0.9964560237541289,-0.007087952491742237
959,3.840971831097985,0.7445439257329844,-0.5109121485340311
960,-0.529142454679921,-0.282867541625021,-0.565735083250042
961,3.627770526417188,0.4171141575806263,-1.1657716848387474
962,4.914345817140543,0.5537632972159605,-0.892473405568079
963,2.6277942941541728,0.9172001058729337,-0.1655997882541327
964,4.733175886298699,1.3968578941092904,0.7937157882185809
965,-1.8045155679454328,0.055349103353127066,0.11069820670625413
966,3.3264713514619144,2.1098481721229776,2.2196963442459556
967,5.230098063868345,1.978199726311948,1.9563994526238961
968,2.4738848318878155,2.0903547256925847,2.1807094513851695
969,2.816659166372937,1.6110829551302712,1.2221659102605424
970,1.053966277865535,-0.2708760978116003,-0.5417521956232006
971,0.8054702148124985,-0.7292465276763725,-1.458493055352745
972,0.7780250851261036,-0.20712790258514446,-0.4142558051702889
973,-0.017601217172753092,0.6366853170217837,1.2733706340435673
974,3.616506356618714,0.9120756933481207,-0.17584861330375878
975,4.856274486872033,1.5969219639830485,1.1938439279660968
976,3.8494701764875225,1.5697234920862857,1.1394469841725714
977,1.4243156691147225,0.4771169362369134,0.9542338724738268
978,4.241703604286717,0.9649475562704612,-0.07010488745907743
979,2.55559880377458,0.9649853042812097,-0.07002939143758073
980,-0.3669903736724094,-0.07002503526273571,-0.14005007052547142
981,3.937991210815631,1.4722456420680403,0.9444912841360807
982,3.8435966221665767,0.3722856082518998,-1.2554287834962004
983,3.690011068029672,0.9528576064698775,-0.09428478706024497
984,5.030120170246244,1.4560988215652053,0.9121976431304106
985,-0.5759478122548016,0.33883518099791193,0.6776703619958239
986,2.3808509549482997,0.6117277959849888,-0.7765444080300223
987,0.008915853202062618,0.36301676788177945,0.7260335357635589
988,-0.3945377003374454,0.342750466485072,0.685500932970144
989,4.91780935027084,1.5397140452341367,1.0794280904682734
990,-0.18259533185058882,0.21469358787911938,0.42938717575823876
991,2.7217444577156655,0.6434249206006988,-0.7131501587986024
992,6.4871832487905845,0.9735525559098386,-0.05289488818032276
993,-1.4808686489805878,0.31635650784177666,0.6327130156835533
994,-0.5026379753097666,-0.43874724079302546,-0.8774944815860509
995,3.674855728876483,1.004810430689691,0.009620861379382046
996,4.361829715914456,0.09659042747450386,-1.8068191450509923
997,4.662164681250486,1.1140691871541066,0.2281383743082131
998,2.7388108353403133,1.5276526743373255,1.055305348674651
999,5.995074392520786,1.7946379119864113,1.5892758239728226
