,Y,T,S
0,6.216972155254908,1.0,2.38993076318778
1,3.824479909722103,1.0,2.582384548587475
2,5.304816143127909,1.0,2.7771081653805547
3,4.032611439339958,1.0,-0.5298155336310026
4,5.133348431550802,1.0,4.106673887193
5,0.18890955428137374,0.0,0.788246398256593
6,4.497833690937516,1.0,3.4114717562074315
7,0.35932985471373163,0.0,1.3482471553803432
8,-1.4517577392168028,0.0,0.6470719177252763
9,-0.1917993170852924,0.0,-0.4312435238707654
10,5.958799546121741,1.0,4.109384976077699
11,-2.4031327584547513,0.0,-1.4212573614437758
12,-0.5758216179939332,0.0,-1.2937400669542183
13,-0.45598358179391313,0.0,1.262952808365452
14,5.8711632816344865,1.0,2.976984433430887
15,1.6876803146332777,0.0,0.540164831341267
16,4.060783111374257,1.0,2.722554369156887
17,5.399118043734812,1.0,2.8371968239778154
18,4.608977296228033,1.0,2.7871753020679226
19,5.088839222075905,1.0,3.532014505018326
20,5.734535008154388,1.0,4.511034201282833
21,7.020848388634867,1.0,4.878913979535589
22,-0.6541009591149601,0.0,-0.6348297663780634
23,0.22210668731419478,0.0,0.23070220259431282
24,2.9858313802607173,1.0,2.8504283629143274
25,5.540175524541948,1.0,2.9125804241960296
26,0.23383450045989282,0.0,-0.22908498307634956
27,2.572629350979159,1.0,3.041079926285563
28,5.651391481701745,1.0,4.278527499714361
29,-1.8388909660385413,0.0,-1.8444078527878744
30,1.6773090746520962,0.0,1.0851862571666353
31,-1.0603724242975845,0.0,-0.8152298058726448
32,1.437993998164708,0.0,0.7438168089312659
33,6.935970872003619,1.0,2.269412379517525
34,1.5898056883013716,0.0,0.8900305957067823
35,-0.6316781983362642,0.0,0.34568434361740413
36,5.304065946386148,1.0,4.761933983101155
37,-1.4411991426248125,0.0,0.06378549538422595
38,5.436311825081274,1.0,3.6352223744167294
39,-0.7182312512802519,0.0,-1.5330586759343943
40,2.925703001900809,1.0,2.2903461865949293
41,4.956042909203792,1.0,4.248660507801473
42,4.38754293224594,1.0,1.6061770426539164
43,5.627279124989465,1.0,3.3147119328934025
44,0.4890602619083309,0.0,-1.3211796399668503
45,-1.142215084675383,0.0,-0.31799084607802247
46,4.8968763770088275,1.0,4.068135247231971
47,5.156407335883752,1.0,1.263460740349671
48,1.3195710838670551,0.0,1.6126138801659318
49,6.392826552399445,1.0,2.4014790380618045
50,0.6273421120125398,0.0,0.13934923771989205
51,3.6338378603359023,1.0,0.6452877949235636
52,3.327095152043701,1.0,2.0568467575045655
53,3.5327055913374856,1.0,3.1834027194595538
54,0.5760079860546305,0.0,-1.438240084136227
55,-0.14380987095707232,0.0,-0.014054259000393546
56,-0.9092915159203524,0.0,0.5090541653069725
57,0.15167079350190468,0.0,-1.9125649705055425
58,0.23964059565286655,0.0,0.416720916682511
59,2.9051081203461555,1.0,1.6227017352371793
60,-1.7253660383529885,0.0,1.0691881549219888
61,-0.3297049102490457,0.0,-0.21235199904792076
62,4.615188491421511,1.0,4.363806959425027
63,-0.3269858517100445,0.0,-0.2378645247423974
64,-0.5506777245715903,0.0,-0.017394495548764655
65,-0.4914628850805154,0.0,0.6710762611083636
66,5.264049504212658,1.0,4.557729399939598
67,1.0847311109017401,0.0,-0.8323186289732646
68,-1.745517244361274,0.0,-1.726311312228422
69,3.2570461483041027,1.0,1.7088580327839196
70,5.135989216554944,1.0,4.254945272391371
71,-1.526378168250593,0.0,-1.821147209780336
72,0.5097363901970077,0.0,-0.09890065387408348
73,4.2758508207531305,1.0,1.6142813287813174
74,1.2225320771481225,0.0,0.9186230323463618
75,1.6762076110228725,0.0,2.3384727048132032
76,4.832602132314213,1.0,3.7205209178605156
77,-1.3098828107244636,0.0,-1.3785098545732088
78,7.2716950724972875,1.0,3.9577936019937607
79,4.879260370295579,1.0,1.6020123453835164
80,5.243980772881636,1.0,1.428873613756391
81,5.79249814226419,1.0,2.941215951640242
82,3.499625748094598,1.0,1.6929995795039905
83,6.70722849601418,1.0,5.249787856813544
84,4.011722698458802,1.0,1.996740840477318
85,-0.6546441771518238,0.0,0.4037359281062863
86,-0.40107310917262184,0.0,0.3118405704248076
87,5.102482304167143,1.0,3.1759401702772907
88,0.4231528202582442,0.0,-1.1261911713826378
89,0.686647475346533,0.0,2.2077581839670644
90,-0.17126186117675488,0.0,-0.6313952440181275
91,-0.35805581589867064,0.0,0.901066011545776
92,5.556883749321867,1.0,3.134508805523132
93,-1.2308127774800817,0.0,-0.3357910572190882
94,4.554191982554931,1.0,2.869084289586645
95,4.250681242165355,1.0,2.39310309701941
96,1.3531447734920117,0.0,1.2801147700354187
97,5.733848081464635,1.0,3.0857360458986545
98,-1.7551790704311956,0.0,0.1161321717335897
99,1.4445527247929586,0.0,1.1507124574056635
100,6.904329731974339,1.0,2.6967245333311896
101,3.0402106829243847,1.0,0.8456822776948805
102,-1.1418094143240918,0.0,-1.0062986844516058
103,4.188557978911922,1.0,0.9462212505011396
104,-0.2361022126889539,0.0,1.1151260799904315
105,0.6674482618071772,0.0,-0.2317378062047965
106,0.1831816703552639,0.0,-0.3288369110515678
107,5.428316725802791,1.0,4.730799171774602
108,5.528175609293764,1.0,5.4069069050699206
109,4.514886183255916,1.0,3.2626006557359792
110,0.6146745676820061,0.0,-0.047556266951475024
111,-0.09491697953509236,0.0,1.0360507340314793
112,4.776167711239177,1.0,2.9335772160468574
113,-0.37679791891802544,0.0,0.355618125061816
114,5.743866918100568,1.0,2.571265197131393
115,4.367061177316921,1.0,3.003684340866078
116,3.978025793429825,1.0,2.117691253518127
117,-0.6806855536585078,0.0,-0.4075057827828216
118,4.173986659874459,1.0,3.5620904946431633
119,-1.0532481985446642,0.0,0.5254685592767021
120,-1.5843208479958313,0.0,-1.093789556015622
121,-0.803814442348476,0.0,-0.9122430246238311
122,-0.4045877946887027,0.0,-0.36032563404917684
123,5.19118416048602,1.0,2.0849882190931135
124,0.6196541010518148,0.0,0.46023752130140494
125,4.9549968165631615,1.0,2.803054683511998
126,5.299641870285157,1.0,2.1536615432776043
127,2.6863373215455852,1.0,2.2520667677572916
128,1.223136088215926,0.0,0.7522741554581097
129,6.25328435306044,1.0,4.185876430106882
130,4.409478583442318,1.0,1.529413154286358
131,7.601664133496172,1.0,4.343693639963515
132,-0.5314838839125261,0.0,0.4320705328575997
133,4.655205949572053,1.0,3.348501946163577
134,6.533011132567118,1.0,4.072671440890557
135,-1.235067898733939,0.0,-1.6242883325721817
136,4.075806245350173,1.0,2.397927050248235
137,-0.7393607963966764,0.0,-0.18906570995795025
138,1.9980728509485082,0.0,1.2118938036080609
139,-1.4147823087478644,0.0,0.9159648481789506
140,0.1050419562841815,0.0,1.1781268006974612
141,1.6456492698709757,0.0,-0.559779843211531
142,5.931685629427273,1.0,3.5379617030489645
143,-1.1882352768393365,0.0,-0.6967869833478421
144,5.850209410325965,1.0,1.8124676932092987
145,-0.33570595807906345,0.0,-0.0896983886233886
146,4.824832303464596,1.0,2.7115010535756428
147,-0.8882439002502837,0.0,-0.5723076853084287
148,7.313530231032823,1.0,3.124494406097053
149,6.159950658790459,1.0,3.1597219668073984
150,-0.8436267416320173,0.0,-0.30853524907177865
151,-0.9181665051386181,0.0,-0.05683018206592527
152,-1.8826024556142877,0.0,0.5330420221909483
153,5.111259052471188,1.0,3.2050741905816422
154,6.11704885818795,1.0,3.0680318130568094
155,-1.2210776444634512,0.0,-1.1613909350190532
156,2.506420415975916,1.0,0.9352288548505826
157,3.3229025814960016,1.0,2.555455191061239
158,0.6840543757094143,0.0,1.0448021327862005
159,4.354058859173787,1.0,4.861901744716317
160,-0.37755183752895227,0.0,-0.7276932033852281
161,-0.8031755061385822,0.0,-1.04122278774187
162,6.802952280032679,1.0,4.469229592810517
163,0.6191617924528668,0.0,-0.797846507818277
164,1.7384353838968356,0.0,0.5635498330784797
165,0.43608011565767896,0.0,-1.0397942298747025
166,5.410940361631199,1.0,3.640235766078499
167,5.80080776123567,1.0,3.7914391745410976
168,-1.174193947799815,0.0,-0.8240866626287432
169,5.544820979690459,1.0,3.342878994534253
170,4.8625498549869155,1.0,5.812062575373492
171,4.249561021195803,1.0,3.117384818894069
172,1.5410808936408078,0.0,0.3312331933206074
173,3.8686744646839877,1.0,2.21329285885498
174,5.369408964741055,1.0,3.0085993373994038
175,4.000945132264844,1.0,3.7694034071002935
176,5.214143895549234,1.0,3.926707733470023
177,3.8906374537224298,1.0,3.5121962640416466
178,5.139659595821216,1.0,2.9851966938103405
179,-1.0520319135346552,0.0,0.5156705976583397
180,4.917921603808006,1.0,1.5635002183222806
181,4.442625486198473,1.0,4.623588271740312
182,1.2389886177809022,0.0,1.864050279929247
183,-0.31770311769867593,0.0,1.347594505993317
184,0.15502161374687137,0.0,-0.44455995743861554
185,0.8825739102901017,0.0,-1.5229988576467588
186,0.23208168576365834,0.0,-1.5388097304367734
187,4.939705685481069,1.0,3.249687064154433
188,6.01835554195205,1.0,1.645931444391024
189,0.38930293507429375,0.0,-0.3713900559005431
190,7.452277738488627,1.0,3.996744029921019
191,1.6004648917333213,0.0,-1.5476192329031515
192,-0.32831636005260706,0.0,-0.19260839866458626
193,4.86445943669853,1.0,2.9162155431895638
194,5.6046012350027254,1.0,4.08532924153003
195,2.9465951123119187,1.0,0.6310640519932469
196,5.771411996099728,1.0,2.6892290857080376
197,5.61159552139996,1.0,4.101786848138097
198,0.018647751420988547,0.0,-0.5858024610145878
199,1.376689246334062,0.0,1.279056899426668
200,-0.04542105901596875,0.0,-0.07456944876147026
201,4.462099871283201,1.0,1.3768536716163278
202,-0.6115409275329815,0.0,-1.589074147228565
203,-0.014945508093300116,0.0,-0.32276024623909827
204,-1.2920755172754836,0.0,-1.7769353827031567
205,4.414154603486902,1.0,2.762625710816253
206,-0.11441609675799981,0.0,-0.28796118432231976
207,6.72392425420461,1.0,6.538450749296708
208,0.9351675909590593,0.0,1.9237649975100939
209,-0.17430262746805272,0.0,-0.009701077931942415
210,-1.598279026333895,0.0,-0.8795936030381699
211,5.704827584451973,1.0,4.3147738643922295
212,-1.1631769565988164,0.0,-0.5718028401330052
213,5.586421701596903,1.0,3.9038886463537965
214,3.5634292350380052,1.0,2.0207113995902253
215,6.222658144988079,1.0,3.1479066390089585
216,0.06271964046261681,0.0,-0.462294245351395
217,-1.2750608658830815,0.0,-0.5867133333597454
218,0.14788791243944172,0.0,0.9701609122931728
219,1.2531384318904473,0.0,-0.6838694907318301
220,0.7153492373974015,0.0,0.04591693526688917
221,3.367931337513766,1.0,3.274129521840218
222,4.366383737928488,1.0,2.7080953837562283
223,6.404604734863435,1.0,3.451626860776879
224,2.1548720071783296,0.0,-0.2713223146678232
225,0.9309028392501826,0.0,1.2472650827336347
226,5.534783948808763,1.0,3.818453342067016
227,3.9131038339075888,1.0,2.863103099209838
228,0.1742204060961209,0.0,1.630399725435932
229,5.379024365280896,1.0,3.586427081486637
230,5.459350285107728,1.0,1.3891203468883881
231,5.4982936697962765,1.0,3.490558317915223
232,5.114106136775066,1.0,3.9491363110616096
233,4.58075372206173,1.0,3.0301193792481196
234,-0.012049577284822612,0.0,1.7392066395068562
235,-1.985811486784298,0.0,-2.6273841102427853
236,7.473376160857096,1.0,4.910176113850383
237,0.30221168390235303,0.0,0.13847114914672584
238,4.726420998640515,1.0,1.8452701627107222
239,5.251092221199075,1.0,1.3549660427225991
240,-2.4700059291914394,0.0,-2.24582590839523
241,1.5278347403455022,1.0,2.0256178591403122
242,0.8370877999834299,0.0,0.669041503206036
243,0.30206613720287734,0.0,0.15809011611583138
244,5.088511486816704,1.0,2.6894937119433426
245,5.761688204352096,1.0,4.035932008373082
246,4.051325660446139,1.0,3.0962211671744195
247,0.6838639413225498,0.0,0.39752068301472215
248,5.055547846262029,1.0,4.313644528511633
249,4.589664744281065,1.0,3.5725727020945772
250,4.654994544450844,1.0,3.602908507303761
251,2.038803618502921,0.0,0.7712580424538854
252,-0.4748416369834274,0.0,-0.031546113479979154
253,1.0416786742176827,0.0,-1.5359988576606272
254,6.1255535646074435,1.0,3.2850670464497513
255,4.290160238607326,1.0,2.1718206205787545
256,-0.46101048306711206,0.0,-0.7717496432753156
257,3.5578549907760912,1.0,2.485370793850888
258,0.9484802807869417,0.0,1.5755442829750947
259,4.294755290864175,1.0,1.5159459454022755
260,1.2940858227781125,0.0,0.8101441856692961
261,2.5736963944982043,1.0,0.6951405665411097
262,5.861089361646266,1.0,3.0563405070976404
263,4.5293586818803195,1.0,2.411002114250864
264,0.1402075615836359,0.0,1.239178532629593
265,6.5911112097620705,1.0,4.766728717733774
266,5.140552972904992,1.0,1.6920994836761192
267,0.09949891543279657,0.0,-0.5809009928637693
268,-1.072887818179371,0.0,-0.039300259969966056
269,4.610637694381081,1.0,2.3870855240500584
270,4.79711211750177,1.0,2.8295494148201628
271,6.65298898300677,1.0,4.867751075580472
272,3.41514158325038,1.0,1.6657987481337106
273,4.64419648373809,1.0,4.2205534075228
274,5.555575591549186,1.0,3.927718785569698
275,6.381841099495337,1.0,4.193151238141619
276,3.6862809010987982,1.0,2.0570362645202582
277,0.4831772031203753,0.0,-0.6422423997709286
278,5.191577348796902,1.0,2.8997630956014837
279,0.1692870837984713,0.0,-0.4006165111743132
280,0.3946504750845464,0.0,2.2870144126701186
281,-0.7947693785824255,0.0,-0.22232397765918022
282,5.179254800271103,1.0,4.973501740460572
283,4.837490101822258,1.0,2.3074056934223863
284,1.0273854222034131,0.0,0.5147161727125315
285,0.7348558012855677,0.0,-0.6861672975319186
286,6.216679114346412,1.0,2.891563529130722
287,5.9707641462202306,1.0,4.883954819018009
288,3.6650701995072867,1.0,1.4561006346413223
289,1.2251137984026077,0.0,1.0737793009892411
290,5.441943371980537,1.0,4.0187108336722535
291,4.575357232890182,1.0,2.645957665266586
292,0.41495067510550643,0.0,0.8046820954914342
293,3.782271245068944,1.0,1.7401433902864567
294,0.21086024819968996,0.0,-1.3518234359978047
295,-0.885359603936616,0.0,-0.8666324829619831
296,4.46116758999469,1.0,2.331411764396273
297,0.8046492723026072,0.0,1.0255353005949095
298,4.562492300479549,1.0,2.9804460660518206
299,5.927138291665093,1.0,3.588353620621584
300,6.032539283351758,1.0,3.0617501044015647
301,4.203032856117341,1.0,2.471874192409667
302,3.491457504161998,1.0,3.370377601801862
303,0.05877574598799509,0.0,-0.8671997006324574
304,-0.45524340228368876,0.0,0.9468982459673754
305,4.138265461164006,1.0,2.874983088123917
306,3.9002962432458466,1.0,2.917928078383208
307,-0.7242633977112226,0.0,-0.4151972003665591
308,-0.8790529919376187,0.0,0.3889543767774516
309,5.214821493880654,1.0,2.29614739055374
310,0.17194137183022423,0.0,-1.571202508710359
311,0.4861163591781013,0.0,0.46230977297872755
312,1.7613109766297685,0.0,1.1693910020379912
313,5.6104987869300835,1.0,3.5545670138375507
314,5.352455461932802,1.0,1.262691569964895
315,6.701623546572149,1.0,4.848710792367921
316,0.9534581388767827,0.0,-0.34067268726657174
317,0.7075222087389926,0.0,-0.060414198951101505
318,0.36784306836425457,0.0,-0.14486988794658714
319,4.634839569841373,1.0,1.6581030953627696
320,4.207241626022933,1.0,-0.20321073749066132
321,-1.175706685935105,0.0,1.5599286467323177
322,1.1956324750216778,0.0,2.940279780145806
323,4.907301845076536,1.0,3.1640705000860647
324,4.7381976864392605,1.0,3.790429248448045
325,-0.23011842456481935,0.0,-0.7304187114052527
326,-0.7833459121033116,0.0,-0.39531654503550184
327,3.921443784196475,1.0,2.0420935082018525
328,1.0873144509877393,0.0,-0.804932892378869
329,1.3321612094879314,0.0,-1.6847769929934358
330,4.312515521354496,1.0,1.9054621041303732
331,1.359141445155063,0.0,-0.11676423542641601
332,-1.1958524993601602,0.0,0.21068221367311923
333,4.553555528377716,1.0,4.6904831532696605
334,2.71614023498259,0.0,1.6810580635050034
335,0.031674353160204935,0.0,0.4798070733014781
336,6.821127846604515,1.0,3.521683666306125
337,-1.3589633081819021,0.0,-0.43615391516956453
338,-0.9968057197710439,0.0,-0.38941278641966004
339,4.814289250273782,1.0,2.650969614623114
340,6.219283160991649,1.0,4.183763487325802
341,4.093923642347223,1.0,0.8471063455756804
342,5.547497841772003,1.0,3.999775031330533
343,1.6098494776458248,0.0,-0.15919292432183774
344,1.0783799923216422,0.0,0.7952481813906975
345,4.535179775092958,1.0,4.328308206012485
346,3.9909010350025667,1.0,2.8577773005008105
347,6.289883499538886,1.0,2.0299498787671943
348,2.520435265635538,0.0,1.3070070880798275
349,0.9462365203196896,0.0,1.0312339147699343
350,4.8466931031137435,1.0,4.0460884478814885
351,5.5515021300116185,1.0,3.9466919153427478
352,-0.9348662203404877,0.0,0.6985892817394983
353,0.6284034469654477,0.0,-0.3262203344307682
354,4.4715740963316986,1.0,2.170471763087028
355,0.12416305128847693,0.0,-0.10008795124322822
356,-1.1481184687332904,0.0,-1.0049474681375612
357,7.4038555627009615,1.0,3.061680151134891
358,-0.7578402286188762,0.0,-0.2544403806711141
359,3.1633435230520215,1.0,-0.4639055654544286
360,5.918701224243863,1.0,4.166149011940378
361,4.456292438676346,1.0,2.2576832809090956
362,0.49079925437453836,0.0,-1.5827567140614633
363,-1.25103679339716,0.0,-0.6073917875831142
364,6.360769268675572,1.0,2.687050835912288
365,1.7464070960428535,0.0,1.4249986481906363
366,4.970973742568882,1.0,2.829024378787435
367,-0.9213150830662313,0.0,-0.5668229639178318
368,-0.18714973672130797,0.0,-0.866515012396178
369,5.175483115009792,1.0,3.389805402817057
370,3.871511118867936,1.0,3.2777179970966324
371,-0.039251866284601485,0.0,0.8165022613183214
372,8.802262296084699,1.0,5.642528828050697
373,4.724093545029774,1.0,2.7049772353280908
374,1.1564750932837755,0.0,0.3829740408983412
375,0.005001867668420614,0.0,1.1942750662300057
376,0.47536155359479065,0.0,0.3505306134772551
377,-1.1273415505494893,0.0,-1.1376622984884484
378,0.39352368312255387,0.0,2.304847037994367
379,-0.040454010893689746,0.0,-0.1709371076279919
380,-0.594550015085448,0.0,-0.8044228293977287
381,-0.22881114745227854,0.0,0.3213239608526379
382,4.212911793534602,1.0,1.6498349569165702
383,-1.8415401058743626,0.0,-1.2797595054471564
384,-0.28463199951879437,0.0,0.8367895756669992
385,4.260934433689487,1.0,3.386089953844074
386,-1.3739213186023347,0.0,-1.2709060570372503
387,0.24663934914588065,0.0,0.3343070102323293
388,5.628844138110534,1.0,4.542938081606488
389,0.23844619486745072,0.0,-0.05038396307914936
390,2.9621047275669525,1.0,1.544869504117326
391,0.05242826159906038,0.0,0.5903739228440635
392,5.255016564620877,1.0,2.9335583760709305
393,4.704329682342204,1.0,1.4423296347831922
394,3.852624621947893,1.0,3.968793369605987
395,6.359744835364315,1.0,4.199303047686412
396,7.738889953847897,1.0,4.800609069843972
397,1.1201728762528884,0.0,0.7914099387236445
398,0.9570601466316206,0.0,0.2797475334705696
399,5.584528015047631,1.0,1.691810922845726
400,4.886828032326045,1.0,2.888641919128854
401,1.0457911937023454,0.0,-0.25664635810761494
402,1.0947114896519399,0.0,-0.20229382862734657
403,-0.34223752427006027,0.0,0.5302471437075889
404,-0.39263647277812985,0.0,-0.21008459849732627
405,5.980006282495504,1.0,3.1698487455041424
406,0.7010925729009582,0.0,-0.766858884350101
407,5.459120880577753,1.0,2.20439234390036
408,5.873876200227754,1.0,3.908745236979953
409,1.9300120873094173,0.0,1.5083519868049917
410,0.1438593254691174,0.0,-0.29776133266196275
411,5.4517147441209755,1.0,2.4724848307370615
412,5.832700677151221,1.0,3.7024501929894393
413,0.8127913548146211,0.0,1.448996307273727
414,-1.3962406042591953,0.0,-1.3319621895238538
415,-0.5176096332657918,0.0,0.807275352259674
416,6.473467290374614,1.0,3.471488639232432
417,0.4709410412769444,0.0,1.0054822510263381
418,3.417424724910986,1.0,3.05478265927674
419,5.5359113123348385,1.0,3.4598076359195025
420,6.399345288899854,1.0,4.06165563841086
421,0.7289588746846902,0.0,-1.4561650312069268
422,5.728015150710356,1.0,3.6511980769614185
423,0.736757473822633,0.0,-1.175755866919916
424,0.5729087657004932,0.0,0.5450736159116599
425,5.126625623945694,1.0,3.5958816770181095
426,6.30624125592242,1.0,5.337272527084195
427,-0.3010990343282234,0.0,-0.1808727518396877
428,-0.029591473524187766,0.0,1.2173794744570283
429,3.3118884654228666,0.0,2.1626259062872
430,5.995055313920908,1.0,4.0565527633850955
431,7.039222497635071,1.0,2.2285680118925963
432,-0.6561048108159537,0.0,0.8599416894551032
433,0.8307340001484396,0.0,1.3287366369304359
434,7.08529371563197,1.0,2.9171449864532857
435,1.0699173967764555,0.0,0.9725654290354021
436,5.126177030882291,1.0,4.343737237250054
437,4.99207599749104,1.0,3.4135305926898134
438,2.213892608751907,1.0,1.2607430252134417
439,4.921584700546234,1.0,4.425429193538547
440,0.5685612306177374,0.0,1.501214033457528
441,4.657916877541806,1.0,2.319168976717851
442,7.204200519681008,1.0,3.5121704083275165
443,0.22899293490568245,0.0,-0.45858728221157175
444,4.887855578511077,1.0,3.026490913905153
445,1.592288685666755,0.0,0.6360658108572197
446,-1.7141017993878238,0.0,0.03724446161625061
447,0.5481324925119734,0.0,0.37253508457905754
448,0.09111981071366958,0.0,-2.4354664563315285
449,-0.6733809432698705,0.0,-1.2792203758087874
450,4.368599951504941,1.0,3.4231818588478227
451,0.7859320660125866,0.0,-0.7216144693457894
452,5.089571242616296,1.0,2.878634615653604
453,0.3387604373280823,0.0,-0.4460321384574507
454,2.0291719553511522,0.0,1.2060659540954937
455,0.09285569289347856,0.0,-0.5822560344666653
456,4.2819824680234175,1.0,2.972520249255673
457,4.347063915326462,1.0,2.135644643382318
458,5.8006883099441024,1.0,4.249096762394713
459,2.582406460540215,1.0,0.2874483377618935
460,3.933498428930501,1.0,2.09096954575016
461,-0.8776112505319875,0.0,-0.9635908617933095
462,4.399025522546965,1.0,2.0546677987454265
463,4.768228181252276,1.0,2.7274331768199893
464,-0.3716903021309519,0.0,-0.38115209517218157
465,6.712614246084223,1.0,3.1955856643707303
466,5.0322638458790685,1.0,1.5273684201579765
467,-0.6624015997060119,0.0,-1.1540459241045948
468,4.294375523594843,1.0,3.405806179154491
469,6.523674945397621,1.0,2.944824040838733
470,0.03752445608486324,0.0,1.3622178245040262
471,0.0649117232779143,0.0,-0.4798047142639395
472,-1.3233899089436476,0.0,-2.056504012255372
473,0.6869561087512515,0.0,-0.23417104469950967
474,3.832607266979257,1.0,2.587234712818693
475,0.73218287395585,0.0,1.3947972258503194
476,1.0281648535085899,0.0,0.5647821430219594
477,0.4735137974509353,0.0,-0.12485812563823387
478,4.120596764577721,1.0,3.542437525543279
479,5.1599223877518785,1.0,1.3792193572683171
480,1.515909664992727,0.0,1.3069994320666858
481,6.120090417723004,1.0,3.3607841502040734
482,0.9140170752764791,0.0,-0.9122546456608673
483,5.7050068023475555,1.0,4.201019919416278
484,5.747206631091069,1.0,3.5772635203361536
485,1.2599853860960373,0.0,0.5256079878762963
486,0.6849153922384862,0.0,0.9159734236012231
487,5.414178236608921,1.0,3.8162532854604385
488,-0.4787464273607463,0.0,-1.1413301854409812
489,4.209511216138532,1.0,2.6913872866326285
490,4.808217411332512,1.0,4.030461613436335
491,6.242594918366754,1.0,3.772484877597182
492,5.6195294816413615,1.0,4.348246823915056
493,4.497924486030474,1.0,2.1903574114787245
494,3.559598292469812,1.0,1.496390860145037
495,0.026386570029758256,0.0,0.17671059544533868
496,-0.5631938941419099,0.0,-0.2113623763023605
497,4.346584954031159,1.0,2.358093311193972
498,4.927293909517408,1.0,5.194806723198964
499,1.1820059357014827,0.0,2.6272323062206926
500,-0.021096970492139835,0.0,0.46673565404115197
501,0.5913224479044272,0.0,1.1679272513440417
502,-0.2772558975029406,0.0,0.05311436501960071
503,0.14351933000108189,0.0,-0.30971962390739255
504,-0.937548143610936,0.0,-1.6886669923415745
505,4.915342516807454,1.0,2.876447649010059
506,4.251210374503088,1.0,1.9820285560051167
507,5.837552251357487,1.0,5.379810434119486
508,-0.5658180100699397,0.0,1.6289287548082585
509,-0.8925516711890448,0.0,0.1289355669001458
510,-1.9902126387622774,0.0,-1.040128973382266
511,-0.2329092852844259,0.0,-1.716790580138289
512,0.7776663247286497,0.0,1.760419754055669
513,4.672250567368471,1.0,0.6415583104194997
514,5.382918643888792,1.0,3.9032266181543975
515,-0.9693132915656446,0.0,-1.436949665300319
516,-0.02935803245182531,0.0,-0.9259824625172924
517,-1.964142775811249,0.0,-3.611893900771857
518,4.7996773169389835,1.0,3.7470939665419225
519,-1.9534317526390732,0.0,-1.3504154851290782
520,0.09948629533993038,0.0,0.3820179790180185
521,-0.6937496020415413,0.0,0.21032020162927817
522,4.714302721237053,1.0,1.5891666371608841
523,0.4584303078857511,0.0,-0.1643029807048783
524,-0.06334234650510015,0.0,-0.9490783410219579
525,5.294461704504888,1.0,2.867805784885655
526,5.385259010679917,1.0,2.9578861474453118
527,5.72518197704629,1.0,2.486335421304497
528,0.015472152921110746,0.0,-1.1213685556500252
529,0.8747503939445697,0.0,1.4460204101594454
530,6.553498735103428,1.0,2.2209053596837403
531,4.60168715401378,1.0,3.2571558758378574
532,1.8271615855139434,0.0,0.3448102099743957
533,0.17698265792239773,0.0,0.17600353057471943
534,0.8801438814004107,0.0,0.012489925391043766
535,-1.5957206830571964,0.0,-0.10473595166365723
536,-0.11427541946904568,0.0,-0.3645936763002233
537,-0.46849233585215083,0.0,0.442438362807717
538,5.765563036528708,1.0,2.9953748785516683
539,4.950578774367816,1.0,2.514273183429899
540,4.8226085929879945,1.0,3.9915073082695605
541,4.141927149715493,1.0,3.122684364603825
542,0.23500770746721547,0.0,1.4910545751773985
543,-0.8356276088235922,0.0,-0.7320455497768702
544,0.6279684610871503,0.0,0.9704661992633166
545,1.6178842653602201,0.0,1.369292621492987
546,6.130339879760461,1.0,4.656895798219282
547,3.5781250703043552,1.0,1.6730399919094894
548,4.5692131225279775,1.0,3.0225928624842533
549,1.3888125393648048,0.0,-0.9984954251842958
550,0.9096366727117494,0.0,0.7583689284479948
551,0.9260681684994928,0.0,0.845051077246268
552,0.32939455047412963,0.0,-0.5159102783861317
553,3.816569017574272,1.0,3.5316546455502813
554,3.6755764077062807,1.0,0.4221648303124774
555,5.015642952340358,1.0,2.1029507588505516
556,6.666345207640496,1.0,2.409379536029274
557,-0.5259939928281878,0.0,-0.4829357419996774
558,4.1766445579811435,1.0,2.5611838486824863
559,-1.140764776921849,0.0,1.34846104879439
560,5.361513194766352,1.0,5.042945572158619
561,4.8023242048074355,1.0,3.0288318820218096
562,5.26081126508844,1.0,1.8150531296283108
563,4.574668448106436,1.0,2.385196929372445
564,3.2932830137725913,1.0,1.3354363007902377
565,0.5900778267685787,0.0,-0.7615186095072671
566,5.256041206106438,1.0,4.502728355779093
567,3.7557586622058494,1.0,1.233641084888658
568,0.34632064202721247,0.0,-0.03089245324458445
569,1.7520352073948977,0.0,1.9279490992943074
570,3.8251291877875193,1.0,2.204710201251614
571,6.34969285525454,1.0,3.000748727122838
572,0.38222988368016964,0.0,0.21481891233502912
573,0.19241672310130523,0.0,-1.525648159941194
574,6.202745773290072,1.0,4.737520181259681
575,1.1315486921236948,0.0,0.6725627815807095
576,4.643095767235333,1.0,4.824790265737536
577,-0.20972239296469422,0.0,0.21296708939463344
578,0.44557964164842323,0.0,0.8509595039665763
579,4.863966432901207,1.0,3.278566429522139
580,0.31644414898982004,0.0,0.5518497980712607
581,-0.43102616857545645,0.0,0.2534738580414265
582,5.21193841640251,1.0,3.3795663787024113
583,-0.21271192140368428,0.0,-1.3527560162029804
584,0.8110317504513657,0.0,-1.419282942435545
585,5.1982916517059765,1.0,1.96747954325106
586,-0.609203517506686,0.0,0.7278095553425363
587,5.2414400154966545,1.0,4.344021779916355
588,-0.12170785588563483,0.0,-1.694911462815716
589,5.79618470644954,1.0,3.750732417445662
590,3.8397934455656033,1.0,1.903186139244982
591,1.169842347083051,0.0,1.9701735697762741
592,2.80317677545326,1.0,2.313934552151176
593,3.528450762149791,1.0,3.4808231057151953
594,-0.5900081531874556,0.0,-1.3281893401182696
595,0.0896867699598975,0.0,0.02344230318453914
596,-0.25047154137482724,0.0,0.5887260837219941
597,-0.3461106934577353,0.0,-0.5522117976791965
598,4.026376074273293,1.0,3.2920114980482693
599,-0.4215295683036537,0.0,0.43254957172255526
600,0.7070854288667944,0.0,0.4583315781117077
601,3.65561107926466,1.0,2.729707932740165
602,5.488674172717521,1.0,3.1370642008534224
603,6.138426354992347,1.0,3.205477182059469
604,6.434249346027398,1.0,4.715486621275121
605,5.406179076911508,1.0,3.2490187163529733
606,0.35686208285566684,0.0,0.8646915840601556
607,5.391801401944054,1.0,3.12259610120491
608,-0.052159096295715766,0.0,2.1708310882728976
609,-0.046431361226242106,0.0,1.069210742968318
610,0.15186634977737043,0.0,0.3297657350536037
611,0.31032927914924746,0.0,1.6681115142452527
612,0.6511036910560236,0.0,-0.8731159210994555
613,-0.7321351002105514,0.0,0.39068646477582214
614,0.32732399944007007,0.0,0.3487840834394256
615,3.0060343256093045,0.0,0.5619109414313117
616,5.000066020999555,1.0,3.334306024570826
617,4.803511325180278,1.0,3.6512182322504634
618,7.197910379084382,1.0,3.6085402039276855
619,1.100624207914864,0.0,1.8735515659666713
620,3.949083160263701,1.0,3.972306846446778
621,-0.7651312768633058,0.0,-0.2173881241145835
622,-0.4227600809358641,0.0,0.6267162516704051
623,0.48954489820105157,0.0,2.0502458110152157
624,-0.49569379485227183,0.0,0.14530391483290378
625,0.6639280411580541,0.0,-0.9009399771614073
626,-1.655529254329036,0.0,-1.0907627551153591
627,1.0271925451060018,0.0,0.42860607050530164
628,-1.5979979613529272,0.0,1.6109551431338822
629,3.018998537847226,1.0,2.3264415116598056
630,-0.6069862264511303,0.0,-0.06394477893275594
631,5.98434090063993,1.0,3.5319892678911105
632,-0.7693932969037055,0.0,-0.6132968146286761
633,-0.2676705281325211,0.0,-0.2465182759259138
634,1.4325530151547805,0.0,1.4089625707839288
635,0.5729254549682604,0.0,1.0086218932705227
636,0.17335498572762176,0.0,0.11945435289952012
637,0.18201584167731258,0.0,-0.09040885046290904
638,3.813600224645443,1.0,3.9681716452225984
639,4.312587785731971,1.0,3.030183564043776
640,0.5430825564905931,0.0,-1.5826316044047763
641,1.6450624368800975,0.0,2.9105601402602406
642,-0.20447254614755586,0.0,-0.6041293007604025
643,4.126648252315995,1.0,1.9384997140151512
644,2.7400270503966415,1.0,2.582898131610519
645,4.356547634390418,1.0,2.428478155351161
646,4.477586049452132,1.0,2.1084578461486565
647,6.079820101312521,1.0,2.565289087590862
648,-0.000841596709068891,0.0,-1.3548829756489027
649,-0.10020464347478304,0.0,2.2999103164855557
650,0.23621951425637194,0.0,1.0321330610913717
651,-1.3650209752832927,0.0,-0.48032006385627934
652,-0.03146294280050803,0.0,-1.2987115806290435
653,-0.6706017864867139,0.0,0.13772085519197136
654,0.721729151460744,0.0,-0.8916083064306431
655,4.783991985651316,1.0,3.714671160364188
656,5.089073378198923,1.0,3.7962768843079786
657,6.063624474922737,1.0,2.9921816385750084
658,6.075202532075291,1.0,3.065204301336144
659,5.071945435160679,1.0,1.8919964909273692
660,4.489860072193248,1.0,3.1894807603795985
661,0.008958217703940851,0.0,-0.0021263196697044948
662,4.942099035199008,1.0,2.209325820363612
663,-0.8666357606260882,0.0,-0.616729816332642
664,1.3711349027844775,0.0,-0.3784455352037659
665,-1.1728295400803426,0.0,0.31468555903992335
666,0.5471984216128241,0.0,0.3585865655681406
667,6.469620238025161,1.0,3.413112426123147
668,1.2209104910317257,0.0,-0.06469338458389651
669,1.553288504097339,0.0,1.0700177777338045
670,2.0234166475231468,0.0,1.0058618929567955
671,-0.11981193414580733,0.0,-1.154287182635889
672,6.710882292468085,1.0,2.716824153202225
673,-0.2885377650643312,0.0,-0.3549187864712968
674,3.5330173486094525,1.0,1.9207231818462727
675,6.246065679836566,1.0,3.1734365576979915
676,5.859810850566887,1.0,3.522789503703771
677,0.5086742447831661,0.0,1.7653005881008972
678,5.741171882254367,1.0,3.2024312760250506
679,6.4832497845479855,1.0,4.675214663528323
680,5.469653301767606,1.0,2.4789523777944336
681,0.09121896365061698,0.0,2.954869802195389
682,0.256401849958846,0.0,-0.24709817157472105
683,0.38580899586643846,0.0,0.8166827125586176
684,4.42805259469868,1.0,2.9761144454969526
685,-0.5857584208677384,0.0,-2.319669822722436
686,5.301199756481677,1.0,4.954546472802145
687,3.6857793791475233,1.0,1.1064461339852232
688,4.801436398403411,1.0,2.287357951753073
689,6.141864383633577,1.0,4.187311783646205
690,-0.2142517630457888,0.0,-0.3669923219631489
691,5.408678281785663,1.0,4.2715524034341525
692,5.1251168712797215,1.0,1.8438556299157527
693,1.9879049358452394,0.0,1.836993034605404
694,-2.3838985437576485,0.0,-0.6528908789920085
695,5.469503490052837,1.0,2.5795390373307043
696,-0.3042501660411676,0.0,0.17264401732129475
697,-1.536097507879467,0.0,-0.4542098306403409
698,0.8857184995534355,0.0,0.8903119215894606
699,3.7681041906859183,1.0,1.2396599551698333
700,-0.03410887898379416,0.0,-1.6746165706707532
701,5.951635455000826,1.0,1.6881866977601006
702,6.068531853319255,1.0,3.165261162646091
703,4.285890866910425,1.0,2.1998337738438014
704,1.5455217758074984,0.0,0.9326280194764895
705,-0.48497319651535614,0.0,-0.76391093858497
706,0.8244242375226474,0.0,0.015271899178219861
707,4.555087498593478,1.0,3.0269304809702717
708,0.6741680710004166,0.0,1.3517191330345646
709,5.363078892671937,1.0,3.9344355519953824
710,0.23590362703981624,0.0,-0.1352765115116384
711,0.877962557006665,0.0,0.483861655373138
712,3.2472535465427805,1.0,4.365325600055648
713,-1.1314086057027573,0.0,2.1747518160285093
714,4.927455491273919,1.0,4.142298708867651
715,3.6522540357764983,1.0,4.451957414498686
716,3.476975489331672,1.0,2.676661750468591
717,0.07792114772506394,0.0,2.212236425857681
718,-0.15928783245101644,0.0,0.028417407474218614
719,3.606644089766794,1.0,2.2413325411146734
720,0.09009484359360263,0.0,1.7567568941300378
721,3.74936607881485,1.0,2.8386948889021815
722,-0.11666192205240372,0.0,-2.4559612152868544
723,5.601103862784635,1.0,2.18442403517
724,2.7052332227259552,1.0,1.8382767040275756
725,6.471470875967196,1.0,4.939336055083542
726,5.950691135604181,1.0,3.412198865937063
727,-0.5538249020456257,0.0,-1.5099020355461499
728,-0.7200269170073774,0.0,-0.20034841735900066
729,5.506846165231394,1.0,4.332095124967707
730,0.5004347531991015,0.0,-0.3206622132642875
731,4.425965135954805,1.0,2.3526041442930614
732,-0.5323518141258262,0.0,-1.2963048636970063
733,0.14303257747022935,0.0,0.016890109024454363
734,6.377739877561888,1.0,2.6426777805996213
735,5.3095898568898585,1.0,3.3766898754284043
736,4.516378578177084,1.0,4.0621063759740705
737,0.6162796893173874,0.0,0.1016813545570624
738,-1.075087789959173,0.0,0.5581311434835294
739,3.171107604410597,1.0,3.3325693021844858
740,0.2236430553011351,0.0,-0.2383555205647724
741,0.9826926404061541,0.0,1.6397436831839416
742,1.248118371363802,0.0,0.9927927006922095
743,0.7630007344029227,0.0,1.121325724930524
744,-0.48487804396416634,0.0,-1.6839789859655345
745,6.266633194074192,1.0,3.566032551502619
746,6.236691883919579,1.0,4.396253004779624
747,-0.26576956013026964,0.0,-1.4873287873357692
748,0.57745921671874,0.0,-1.914948371165837
749,-0.7562300131711178,0.0,-2.7481515721539815
750,4.673597670585045,1.0,4.307567163783844
751,-0.23973696767878525,0.0,-0.976857237463556
752,5.645014212844449,1.0,4.221357772252849
753,4.823763320472298,1.0,2.269447248353785
754,5.468106872761942,1.0,3.773044446222645
755,-0.24635870209671257,0.0,0.22251669438857677
756,5.327391343104742,1.0,2.75867751531998
757,-0.4724644141391268,0.0,0.185755737204665
758,0.23723872746888894,0.0,1.002536517834552
759,4.593377883246159,1.0,1.6864388863504671
760,-0.26228769026914467,0.0,0.5479743535279579
761,4.460658614529203,1.0,0.463659400988901
762,4.505939521526379,1.0,4.324361050508232
763,-0.31960095663945776,0.0,1.1843930505830353
764,3.7736116006586378,1.0,1.7638165443958522
765,0.38235474525591073,0.0,-1.2723384748901034
766,0.8275884525129237,0.0,0.3065982066614319
767,0.9790328992276424,0.0,1.072419890185725
768,5.377469436171381,1.0,3.22032297812828
769,3.01791966096061,1.0,0.7882213497708848
770,0.25055671041083455,0.0,0.21040442149789693
771,4.763948035754952,1.0,1.8608097149159806
772,5.1614602314167595,1.0,4.595754173159244
773,1.0880718034640104,0.0,2.668699185498861
774,-1.1663025132204037,0.0,-1.4676665713726527
775,-0.06323594029065385,0.0,0.6454968488917623
776,5.751971603779869,1.0,3.856302820023222
777,0.3553002534136641,0.0,0.08478123597662061
778,4.2935267760667974,1.0,2.7562303545599236
779,-0.778310450194537,0.0,-0.4480052462196975
780,2.525510933585662,1.0,2.3723731217252797
781,4.7739350724882605,1.0,4.40774643938504
782,6.350443942110278,1.0,4.515307258972861
783,-0.45268088751991076,0.0,-1.6644683847271713
784,-0.7298097227354587,0.0,-1.4119470588245004
785,3.6442532988552774,1.0,1.249691881103707
786,0.17881643401626957,0.0,0.21714319290645345
787,0.11075211878993425,0.0,-1.7693298539713562
788,6.328765790213715,1.0,3.537965489893904
789,-1.4010113176445864,0.0,-0.7617820685491841
790,3.808225697934068,1.0,2.104250443072642
791,5.677966680049865,1.0,2.760125347481678
792,4.34485733352866,1.0,4.684024176180522
793,4.809429999941047,1.0,3.949658917787699
794,-1.4469044387544328,0.0,-1.1474251919696756
795,5.0636018951622255,1.0,1.989904528109108
796,6.207358396049502,1.0,2.301547184144909
797,0.4232749673753668,0.0,1.1583473825312711
798,-0.7224046594578285,0.0,-1.0071014790911677
799,0.9366735822755399,0.0,0.13628813991954258
800,7.181435276185571,1.0,3.7116596231271974
801,6.496948161474921,1.0,3.849471742921166
802,5.9371692001945515,1.0,4.325299021384952
803,3.8104631639890645,1.0,1.707679819600005
804,5.036549310234553,1.0,3.2675503065157
805,5.409535723094239,1.0,3.007736514260379
806,3.7911311849928433,1.0,1.4957708503800582
807,5.20798043754259,1.0,3.050381356403954
808,5.2734696919829975,1.0,4.198781755059816
809,4.348136049434156,1.0,3.6090830744242703
810,5.014145437131237,1.0,3.6826379314872666
811,5.23969153242534,1.0,2.786630367279109
812,0.7949111144767242,0.0,0.36072595148069025
813,3.829952711008797,1.0,1.2791934683805977
814,6.664090364797248,1.0,3.4890114403793384
815,4.100554327062939,1.0,2.1105319951902475
816,0.3306322835396669,0.0,-0.04406988186585695
817,6.40670306232108,1.0,3.6943471611908483
818,5.221931813802599,1.0,5.575434190689245
819,2.435204711513386,0.0,1.7532937021003383
820,5.341962900121161,1.0,2.440724463732779
821,0.24142480251008777,0.0,0.04394174536781954
822,7.00153512808774,1.0,3.9569872841942244
823,2.3925961929316744,0.0,1.357288439153768
824,0.18074680679127933,0.0,0.4691245191145056
825,4.599023328559526,1.0,1.221521003868688
826,5.954196314243927,1.0,3.278351691207409
827,-0.31410789571293596,0.0,-1.2212048796133934
828,3.675112300002203,1.0,2.2342826647503125
829,-2.46245439856105,0.0,-1.8197463771128017
830,0.5096339100876567,0.0,1.8956527538723371
831,0.022280103338076035,0.0,-0.3701962612893319
832,7.260846467288982,1.0,5.9880990310863025
833,-0.5750816248669778,0.0,0.43906441533955337
834,-0.76412018800269,0.0,-0.3194493014606924
835,-0.394134411752872,0.0,-0.16685149451724532
836,1.0024353720367163,0.0,0.6271490078211205
837,4.826758772187018,1.0,0.9748662597057693
838,5.674857583264017,1.0,2.5400146752810646
839,2.468654183353639,0.0,-0.37861884792732003
840,-0.17112541127851236,0.0,-2.1223159439111456
841,0.4308279321459021,0.0,1.0851735962648306
842,-0.945913154511341,0.0,0.07707555676434757
843,1.6808396366676863,0.0,1.3676614547334913
844,5.766928613673673,1.0,4.502017826599689
845,1.7861356543351747,0.0,0.8627294388945058
846,-0.33825953443879825,0.0,-1.2514669136824832
847,0.6947925722409114,0.0,-0.23814952415536061
848,-1.2373397644573811,0.0,-1.1802684783678372
849,5.015717662380695,1.0,1.9753901958347893
850,5.270400250234342,1.0,1.5713914687054467
851,-0.7085666253565002,0.0,-0.7976289005650409
852,4.1731596992085995,1.0,3.0742277282689368
853,0.44730382298805405,0.0,0.029706666958755706
854,6.267994691340198,1.0,4.092812415949565
855,1.7159368428388573,0.0,1.285234392423945
856,-1.611883037131518,0.0,-0.43063493944267817
857,5.230382545718255,1.0,4.139498894905625
858,-1.0354724312441455,0.0,-1.3328571576362314
859,5.933518779951039,1.0,5.065266489575738
860,-0.49330514047165824,0.0,-1.4467710436843022
861,6.069021824671962,1.0,4.531676510884597
862,4.373586101445638,1.0,1.8969754489524195
863,4.640918950689948,1.0,3.633819651219135
864,-1.0563711677061056,0.0,1.421885025862116
865,1.6718316125035961,0.0,1.1783646114991746
866,-1.199608763162354,0.0,-1.9641549315428413
867,6.210048555670833,1.0,5.228477146783886
868,0.3569371855665498,0.0,-1.1699330984777205
869,0.19136498457683424,0.0,0.8849428240575773
870,1.8578345098866917,0.0,1.097181835455586
871,-0.47723794943225334,0.0,0.9697097379740856
872,5.065445417083535,1.0,4.46158173835407
873,-1.5219500987732593,0.0,-1.028687753602541
874,6.2883350039021595,1.0,3.2099624938586446
875,4.402213415174277,1.0,1.6234773531950288
876,-0.9734388341288044,0.0,-0.2475195827441867
877,0.9033718911862464,0.0,2.733847906775995
878,1.0324928662525559,0.0,1.348153951027394
879,0.6158381023730097,0.0,-0.017864759081994697
880,4.418241012548188,1.0,3.156186387559757
881,4.277758696121184,1.0,1.1623667833440172
882,-0.3431704184465878,0.0,1.0312675493888177
883,5.665231742022927,1.0,2.979348465795946
884,4.495514308726977,1.0,1.84120970818224
885,5.17986958433308,1.0,1.8588936520010777
886,-0.2879851132268296,0.0,0.054853646087297786
887,4.223314678494694,1.0,3.2860574944508394
888,0.0886159959667922,0.0,1.0550984771185472
889,0.7189704946521455,0.0,2.7170495989038126
890,0.9758845828221743,0.0,0.31164904263106813
891,0.20031053800192658,0.0,0.5488350638546369
892,0.368211811790016,0.0,-0.9771315181847594
893,0.7693298479906137,0.0,-0.9252025948390366
894,5.509155006964152,1.0,4.5900732776578455
895,5.865149581413123,1.0,2.7021264703943673
896,5.1154350588856765,1.0,2.9031790395578625
897,2.555154202903493,1.0,2.692777827197765
898,-0.18057679078530184,0.0,-0.6848402595879121
899,-0.43665641977561215,0.0,-0.9851658353917205
900,-2.3451847864477835,0.0,-0.9774932783063666
901,3.928861405613869,1.0,2.936607700463208
902,0.39937281856967216,0.0,0.5668020793204128
903,5.701169688903319,1.0,1.8914252892249723
904,5.139099921184617,1.0,2.471603039773841
905,3.902782915390411,1.0,1.6198649348508471
906,0.5559583819688654,0.0,0.4166733950699963
907,0.9375936912726717,0.0,1.6827047098651546
908,5.524413637529543,1.0,1.950020198353481
909,0.018211572642133095,0.0,0.19840376040634983
910,5.67788053579921,1.0,4.051329409162927
911,6.610155515884131,1.0,2.466454786052728
912,5.969302583611351,1.0,3.779387180090845
913,5.598518234521877,1.0,4.097301875664722
914,4.415500267954424,1.0,1.6514935268957551
915,6.942246294888993,1.0,3.548649338317194
916,-0.04951957678929881,0.0,-1.509054855890496
917,0.002110026443581519,0.0,0.33560026416359906
918,3.471590902838545,1.0,1.4813178757573207
919,4.40568662021132,1.0,2.849849974536516
920,1.1535215730065813,0.0,1.7600008577257056
921,3.5881022598506056,1.0,2.0807327065961543
922,-1.5317799231166958,0.0,-1.5820131757181248
923,6.040149195280686,1.0,2.84310159743812
924,5.828735520858979,1.0,2.8343889552446706
925,5.442994900950631,1.0,2.3114891562167075
926,1.2314597765656634,0.0,-0.6538574979180971
927,5.156675294852763,1.0,1.1234883618960185
928,0.39442729912843494,0.0,-0.2397882481940414
929,3.7845972664518372,1.0,2.5167196015237385
930,-0.44964692814520985,0.0,-1.1577142679728782
931,0.3992416200981016,0.0,2.4319473004532766
932,0.2609138263367177,0.0,-0.6394556868119893
933,-0.6763183659881747,0.0,-1.2538050019349207
934,7.1733185227566745,1.0,2.932812575417794
935,1.92419286453243,0.0,-0.37903296611516846
936,-2.4835463403177784,0.0,-1.4963441392123928
937,5.611671179805459,1.0,1.802908937792655
938,4.643107340370622,1.0,3.082956777009906
939,3.820014511512397,1.0,2.661244623098176
940,4.2998583174247855,1.0,3.750887098655176
941,5.262500305856507,1.0,4.106150691898111
942,-0.4631766308666055,0.0,0.013229045420104918
943,5.817841458473597,1.0,4.0029664249986325
944,4.975993190974852,1.0,2.3694980945043023
945,-0.3241011308449025,0.0,-0.9971330529411034
946,5.757738309495235,1.0,4.719671616266384
947,5.053803841366753,1.0,1.7438759780545876
948,3.763285724644549,1.0,3.885735928176426
949,4.451662322547783,1.0,4.0106882339380086
950,0.38130533984282683,0.0,2.916592363268009
951,6.14764832316005,1.0,4.406755398095004
952,6.269292733438579,1.0,1.2820373680244388
953,-1.7892584488971393,0.0,0.03197361682247235
954,1.449829303301792,0.0,1.5633425545509256
955,5.903571308676952,1.0,2.649742842393324
956,6.386535828553855,1.0,4.009321997424422
957,1.025035715661573,0.0,1.4418785247841583
958,0.08982316941253872,0.0,1.7418733035859082
959,-1.540647233948637,0.0,-0.4956617441872394
960,4.000552656058983,1.0,4.6414194880074255
961,7.4009330944967875,1.0,3.704288791127307
962,-0.12309606948964315,0.0,-0.0024978347142082247
963,0.945508543529234,0.0,0.25745486900492526
964,0.6671077197592643,0.0,-0.6000477910878346
965,5.463224189271304,1.0,2.768073629753738
966,6.719777108090297,1.0,2.4310694142726277
967,0.07165496734800131,0.0,1.0928562882043154
968,5.675287429660833,1.0,4.589580256373955
969,3.506538255416976,1.0,1.7890020270846958
970,4.732133996576261,1.0,2.002411247453842
971,-0.6457215941871879,0.0,-1.5634002941640008
972,4.273640498279088,1.0,2.2278032156537235
973,2.7675849338957965,1.0,2.330945110911408
974,0.48307517881287926,0.0,1.3824310148314154
975,5.2731874026171175,1.0,5.355425411875874
976,3.4380553335676174,1.0,2.4371410549648385
977,-0.3268568762405649,0.0,-0.39968187082657325
978,5.381814843809915,1.0,3.9690147778680305
979,0.3689619224416005,0.0,-0.03536078325394734
980,0.4917758537358108,0.0,0.8207790943206502
981,1.4090363919216422,0.0,0.7040200171669934
982,0.7222230872257583,0.0,1.579922920952105
983,5.28830162464492,1.0,2.068492260814102
984,0.5295197440887407,0.0,0.443871202277311
985,4.550874437553301,1.0,4.69989582561262
986,-1.4064974394694874,0.0,0.7770819074851634
987,3.3304379742538455,1.0,1.2380164740296047
988,3.1706958397935896,1.0,2.2398650993886067
989,1.6898346791066086,0.0,0.41602606623743515
990,4.7139751933077845,1.0,2.289055681576626
991,-0.3897397199100878,0.0,2.1409741522403554
992,4.919742604402586,1.0,3.34151948105668
993,3.541762759317508,1.0,1.7119314733266249
994,4.148610016929026,1.0,3.254914885390706
995,-1.0955490203390863,0.0,-0.012506833790162597
996,5.968860050825596,1.0,2.170866241753818
997,4.980640363836056,1.0,3.2349296858482397
998,6.499627641094084,1.0,2.1196650701955906
999,0.4153672821679969,0.0,0.9150195787540258
